scity,scityen,sna,sarea,ar,snaen,sareaen,aren,sno,tot_quantity,sbi_quantity,mday,lat,lng,bemp,act,yb2_quantity,eyb_quantity,fetch_time
新北市,New Taipei City,YouBike2.0_鶯歌火車站(仁愛路),鶯歌區,仁愛路55號對側,YouBike2.0_Yingge Railway Station(Ren’ai Rd.),Yingge Dist,"No.55, Ren’ai Rd., Yingge Dist.(opposite)",500234001,69,9,20260806T000202,24.95559,121.35441,59,1,9,0,2026-08-06T00:22:30+08:00
新北市,New Taipei City,YouBike2.0_新北市立圖書館鶯歌分館,鶯歌區,中山路150號,YouBike2.0_New Taipei City Library Yingge Branch,Yingge Dist,"No.150, Zhongshan Rd.",500234002,20,7,20260806T000002,24.9572,121.34946,13,1,5,2,2026-08-06T00:22:30+08:00
新北市,New Taipei City,YouBike2.0_文化館前路口,鶯歌區,文化路407號旁,YouBike2.0_Yingge Ceramics Museum,Yingge Dist,"No. 407, Wenhua Rd.",500234003,44,16,20260805T232103,24.94948,121.35291,28,1,16,0,2026-08-06T00:22:30+08:00
新北市,New Taipei City,YouBike2.0_鶯歌國民運動中心,鶯歌區,館前路250號運動中心前,YouBike2.0_Yingge Civil Sports Center,Yingge Dist,"No.250, Guanqian Rd., Yingge Dist.",500234004,38,13,20260805T232103,24.95139,121.35733,24,1,13,0,2026-08-06T00:22:30+08:00
新北市,New Taipei City,YouBike2.0_尖山國中,鶯歌區,國中街1號,YouBike2.0_Municipal Jianshan Junior High School,Yingge Dist,"No.1, Guozhong St., Yingge Dist(sidewalk)",500234005,20,8,20260805T223004,24.94381,121.34207,12,1,5,3,2026-08-06T00:22:30+08:00
新北市,New Taipei City,YouBike2.0_新北市立鶯歌高級工商職業學校,鶯歌區,中正三路154號,YouBike2.0_New Taipei Municipal Yingge Vocational High School,Yingge Dist,"No. 154, Zhongzheng 3rd. Rd",500234006,56,2,20260806T001302,24.93923,121.33488,54,1,2,0,2026-08-06T00:22:30+08:00
新北市,New Taipei City,YouBike2.0_鶯歌國中,鶯歌區,鶯桃路39-5號對側,YouBike2.0_Yingge Junior High chool,Yingge Dist,"No.39-5, Yingtao Rd.(opposite)",500234007,30,1,20260805T231102,24.95119,121.34256,29,1,1,0,2026-08-06T00:22:30+08:00
新北市,New Taipei City,YouBike2.0_永吉國小,鶯歌區,德昌二街39號對側,YouBike2.0_Yongchi elementary school,Yingge Dist,"No.39, Dechang 2nd St., Yingge Dist.",500234008,20,0,20260805T224218,24.95865,121.33308,20,1,0,0,2026-08-06T00:22:30+08:00
新北市,New Taipei City,YouBike2.0_鳳祥公園,鶯歌區,鶯桃路365巷130號對側,YouBike2.0_Fengxiang Park,Yingge Dist,"No.130, Ln. 365, Yingtao Rd., Yingge Dist.",500234009,20,9,20260806T000202,24.96283,121.33025,11,1,8,1,2026-08-06T00:22:30+08:00
新北市,New Taipei City,YouBike2.0_鳳鳴國小,鶯歌區,永和街120號,YouBike2.0_Fengming Elementary School,Yingge Dist,"No.120, Yonghe St., Yingge Dist.",500234010,20,2,20260805T235003,24.9692,121.3347,18,1,1,1,2026-08-06T00:22:30+08:00
新北市,New Taipei City,YouBike2.0_國際二國際一路口,鶯歌區,國際二路與國際一路口,YouBike2.0_Guoji 2nd Guoji 1st Intersection,Yingge Dist,"Guoji 2nd Rd./Guoji 1st Rd., Yingge Dist.",500234011,20,8,20260805T220803,24.97577,121.3353,12,1,7,1,2026-08-06T00:22:30+08:00
新北市,New Taipei City,YouBike2.0_鳳福公園,鶯歌區,鳳吉一街186號(對面),YouBike2.0_Fengfu Park,Yingge Dist,"No. 186, Fengji 1st St., Yingge Dist.(opposite)",500234012,20,9,20260806T001203,24.97572,121.32938,11,1,8,1,2026-08-06T00:22:30+08:00
新北市,New Taipei City,YouBike2.0_尖山公園,鶯歌區,鶯歌區尖山路161號對面,YouBike2.0_Jianshan Park,Yingge Dist,"No.161, Jianshan Rd.(opposite)",500234013,29,14,20260805T231703,24.9482,121.346,12,1,13,1,2026-08-06T00:22:30+08:00
新北市,New Taipei City,YouBike2.0_永昌里兒一公園,鶯歌區,鶯桃路182巷96弄36-38號對側,YouBike2.0_Yongchang Village Children Park (No.1),Yingge Dist,"No.36-38, Aly. 96, Ln. 182, Yingtao Rd.(oppsite)",500234014,20,8,20260805T214903,24.956649374562204,121.33959628800724,12,0,8,0,2026-08-06T00:22:30+08:00
新北市,New Taipei City,YouBike2.0_南雅育智路口,鶯歌區,南雅路491號(對面),YouBike2.0_Nanya & Yuzhi Rd. Intersection,Yingge Dist,"No.491, Nanya Rd., Yingge Dist.(opposite)",500234015,22,20,20260806T000903,24.954,121.346,1,1,18,2,2026-08-06T00:22:30+08:00
新北市,New Taipei City,YouBike2.0_國中二甲路口,鶯歌區,國中街175號(前),YouBike2.0_Guozhong & Erjia Intersection,Yingge Dist,"No. 175, Guozhong St., Yingge Dist.",500234016,20,11,20260805T233403,24.939489067109363,121.33868650698288,9,1,11,0,2026-08-06T00:22:30+08:00
新北市,New Taipei City,YouBike2.0_鶯歌永利街,鶯歌區,永利街16號(對面),YouBike2.0_Yingge Yongli St.,Yingge Dist,"No. 16, Yongli St. Yingge Dist.",500234017,15,9,20260805T233803,24.95495,121.33911,5,1,8,1,2026-08-06T00:22:30+08:00
新北市,New Taipei City,YouBike2.0_二橋虹橋公園,鶯歌區,中正三路400號(對面),YouBike2.0_Erqiaoshiguanghongqiao Park,Yingge Dist,"No. 400, Zhongzheng 3rd Rd.(Opposite)",500234018,10,4,20260805T225302,24.93453,121.32595,6,1,4,0,2026-08-06T00:22:30+08:00
新北市,New Taipei City,YouBike2.0_鳳吉四鳳七路口(捷士匯社區),鶯歌區,鳳吉四街57-75號(旁),YouBike2.0_Fengji 4th & Feng 7th Rd. Intersection,Yingge Dist,"No. 57-75, Fengji 4th St.",500234021,40,16,20260806T000605,24.97383,121.32769,24,1,13,3,2026-08-06T00:22:30+08:00
新北市,New Taipei City,YouBike2.0_鶯歌老街第二停車場,鶯歌區,尖山埔路27-31號(對面),YouBike2.0_Yingge Old Street 2nd Parking Lot,Yingge Dist,"No. 27-31, Jianshanpu Rd.(Opposite)",500234022,20,0,20260805T211316,24.94895,121.34227,20,1,0,0,2026-08-06T00:22:30+08:00
新北市,New Taipei City,YouBike2.0_建國中正一路口(北鶯社區),鶯歌區,建國路6號(對面空地),YouBike2.0_Jianguo Zhongzheng 1st Rd. Intersection,Yingge Dist,"No. 6, Jianguo Rd.(Opposite)",500234023,20,2,20260805T222602,24.95658,121.35692,18,1,2,0,2026-08-06T00:22:30+08:00
新北市,New Taipei City,YouBike2.0_三鶯水資源回收中心,鶯歌區,館前路360號(旁),YouBike2.0_Sanying Water Recycling Center,Yingge Dist,"No. 360, Guanqian Rd.",500234024,14,2,20260805T194217,24.95535,121.35996,12,1,2,0,2026-08-06T00:22:30+08:00
新北市,New Taipei City,YouBike2.0_永和街65巷口,鶯歌區,永和街75號,"YouBike2.0_Ln. 65, Yonghe St. Intersection",Yingge Dist,"No. 75, Yonghe St.",500234025,37,13,20260806T001802,24.96798,121.3331413,24,1,10,3,2026-08-06T00:22:30+08:00
新北市,New Taipei City,YouBike2.0_鶯歌陶瓷博物館,鶯歌區,文化路200號(旁),YouBike2.0_Yingge Ceramics Museum(Wenhua Rd.),Yingge Dist,"No. 200, Wenhua Rd.",500234026,22,8,20260805T234615,24.95012,121.35245,12,1,7,1,2026-08-06T00:22:30+08:00
新北市,New Taipei City,YouBike2.0_礫間停車場,鶯歌區,礫間停車場,YouBike2.0_Lijian Parking,Yingge Dist,Lijian Parking,500234028,20,14,20260805T234602,24.9518,121.35445,6,1,14,0,2026-08-06T00:22:30+08:00
新北市,New Taipei City,YouBike2.0_北鶯停車場,鶯歌區,北鶯停車場,YouBike2.0_Beiying Parking,Yingge Dist,Beiying Parking,500234029,20,3,20260805T211204,24.95567,121.35992,17,1,3,0,2026-08-06T00:22:30+08:00
新北市,New Taipei City,YouBike2.0_育英建國路口,鶯歌區,建國路280號(旁),YouBike2.0_Yuying Jianguo Rd. Intersection,Yingge Dist,"No. 280, Jianguo Rd.",500234030,12,5,20260805T231703,24.95356,121.34693,7,1,4,1,2026-08-06T00:22:30+08:00
新北市,New Taipei City,YouBike2.0_中正一仁愛路口,鶯歌區,中正一路181號(對面),YouBike2.0_Zhongzheng 1st & Ren'ai Rd Intersection,Yingge Dist,"No. 181, Zhongzheng 1st Rd.(Opposite)",500234031,15,5,20260805T223504,24.95672,121.3532,10,1,5,0,2026-08-06T00:22:30+08:00
新北市,New Taipei City,YouBike2.0_建國國小,鶯歌區,育英街19號(旁),YouBike2.0_Jianguo Elementary School,Yingge Dist,"No. 19, Yuying St.",500234032,15,8,20260806T000803,24.95521,121.34727,7,1,8,0,2026-08-06T00:22:30+08:00
新北市,New Taipei City,YouBike2.0_光明橋,鶯歌區,永明街78號(旁),YouBike2.0_Guang-ming bridge,Yingge Dist,"No. 78, Yongming St., Yingge Dist.(side)",500234033,14,13,20260805T232403,24.95577,121.34128,1,1,11,2,2026-08-06T00:22:30+08:00
新北市,New Taipei City,YouBike2.0_二橋派出所,鶯歌區,高職西街/中正三路口(西北側),YouBike2.0_Erqiao Police Station,Yingge Dist,"Gaozhi W. St. & Zhongzheng 3rd Rd., Yingge Dist. (west side)",500234034,11,9,20260805T235903,24.94216,121.33884,1,1,8,1,2026-08-06T00:22:30+08:00
新北市,New Taipei City,YouBike2.0_國中高職東街口,鶯歌區,國中路113至117-3號(對面),YouBike2.0_Guozhong & Gaozhi E. Intersection,Yingge Dist,"No. 113, Guozhong St., Yingge Dist.(opposite)",500234035,15,3,20260805T231204,24.94117,121.34116,12,1,1,2,2026-08-06T00:22:30+08:00
新北市,New Taipei City,YouBike2.0_尖山路高厝巷口,鶯歌區,尖山路276-5號(旁),YouBike2.0_Gaocuo Ln. Jianshan Rd.,Yingge Dist,"No. 276-5, Jianshan Rd. (Side)",500234036,15,6,20260805T232303,24.94495,121.34102,6,1,3,3,2026-08-06T00:22:30+08:00
新北市,New Taipei City,YouBike2.0_公八停車場,鶯歌區,國華路53號(對面),YouBike2.0_Public 8th Parking Lot,Yingge Dist,"No.53, Guohua Rd. (opposite)",500234037,15,12,20260806T000503,24.95515,121.34285,3,1,11,1,2026-08-06T00:22:30+08:00
新北市,New Taipei City,YouBike2.0_龍三鳳鳴路口,鶯歌區,鳳鳴路541號,YouBike2.0_Long 3rd. Rd. & Fengming Rd. Intersection,Yingge Dist,"No. 541, Fengming Rd.",500234038,18,8,20260806T001302,24.97286,121.33137,10,1,7,1,2026-08-06T00:22:30+08:00
新北市,New Taipei City,YouBike2.0_鳳福鳳三路口,鶯歌區,鳳三路360號,YouBike2.0_Fengfu Rd. & Feng 3rd. Rd. Intersection,Yingge Dist,"No. 360, Feng 3rd Rd.",500234039,22,4,20260805T215704,24.97567,121.33143,18,1,4,0,2026-08-06T00:22:30+08:00
新北市,New Taipei City,YouBike2.0_北鶯公園,鶯歌區,成功街20巷19號(旁),YouBike2.0_Beiying Park,Yingge Dist,"No. 19, Ln. 20, Chenggong St. (Side)",500234040,15,7,20260805T231703,24.95777,121.35942,8,1,7,0,2026-08-06T00:22:30+08:00
新北市,New Taipei City,YouBike2.0_鶯歌火車站(文化路),鶯歌區,文化路/文化路115巷(北側),YouBike2.0_Yingge Station (Wenhua Rd.),Yingge Dist,"Ln. 115, Wenhua Rd. Intersection (North)",500234041,25,12,20260806T000202,24.95536,121.35697,13,1,12,0,2026-08-06T00:22:30+08:00
新北市,New Taipei City,YouBike2.0_鳳七鶯歌路口,鶯歌區,鶯歌路101-107號(旁),YouBike2.0_Feng 7th Rd. & Yingge Rd. Intersection,Yingge Dist,"No. 101-107, Yingge Rd. (Side)",500234042,11,5,20260806T000304,24.96916,121.33193,6,1,5,0,2026-08-06T00:22:30+08:00
新北市,New Taipei City,YouBike2.0_國際一路112巷口,鶯歌區,國際一路167號(前),"YouBike2.0_Ln. 112, GuoJi 1st Rd.",Yingge Dist,"No. 167, GuoJi 1st Rd. (Front)",500234043,15,4,20260805T224603,24.97667,121.33579,11,1,2,2,2026-08-06T00:22:30+08:00
新北市,New Taipei City,YouBike2.0_臺鐵鳳鳴站,鶯歌區,鳳一路/鶯歌路口,YouBike2.0_Fengming Station,Yingge Dist,Feng 1st Rd. & YingGe Rd.,500234044,40,0,20260710T070303,24.97227,121.33674,0,0,0,0,2026-08-06T00:22:30+08:00
新北市,New Taipei City,YouBike2.0_鶯歌陶瓷老街,鶯歌區,重慶街/國慶街(西南側),YouBike2.0_YingGe Old Street,Yingge Dist,ChongQing St. & GuoQing St. (Southwest),500234045,33,24,20260805T230303,24.95219,121.351,9,1,24,0,2026-08-06T00:22:30+08:00
新北市,New Taipei City,YouBike2.0_鶯歌火車站(仁愛路62號),鶯歌區,仁愛路62號(東側),"YouBike2.0_YingGe Station (No. 62, RenAi Rd.)",Yingge Dist,"No. 62, RenAi Rd. (East)",500234046,42,5,20260806T000304,24.95505,121.35407,37,1,5,0,2026-08-06T00:22:30+08:00
新北市,New Taipei City,YouBike2.0_臺鐵鳳鳴站(鶯歌路),鶯歌區,鶯歌路276號(對面),YouBike2.0_Fengming Station (YingGe Rd.),Yingge Dist,"No. 276, YingGe Rd. (Opposite)",500234047,20,2,20260806T001402,24.97189,121.33651,17,1,2,0,2026-08-06T00:22:30+08:00
新北市,New Taipei City,YouBike2.0_光明育智路口,鶯歌區,光明街126號(東南側),YouBike2.0_GuangMing St. & YuZhi Rd. Intersection,Yingge Dist,"No. 126, GuangMing St. (Southeast)",500234048,14,11,20260806T001716,24.95587,121.3456,2,1,10,1,2026-08-06T00:22:30+08:00
新北市,New Taipei City,YouBike2.0_新鳳公園,鶯歌區,鶯桃路二段60號(對側),YouBike2.0_XinFeng Park,Yingge Dist,"No. 60, Sec. 2, YingTao Rd. (Opposite)",500234049,14,7,20260806T000702,24.9732,121.32474,7,1,7,0,2026-08-06T00:22:30+08:00
新北市,New Taipei City,YouBike2.0_鳳鳴機器人公園,鶯歌區,鳳鳴路/福安街7巷24弄口,YouBike2.0_FengMing Robot Park,Yingge Dist,"FengMing Rd. & Aly. 24, Ln. 7, FuAn St.",500234050,17,6,20260805T234603,24.96618,121.33465,11,1,4,2,2026-08-06T00:22:30+08:00
新北市,New Taipei City,YouBike2.0_龍五鳳七路口,鶯歌區,龍五路/鳳七路口,YouBike2.0_Long 5th Rd. & Feng 7th Rd. Intersection,Yingge Dist,Long 5th Rd. & Feng 7th Rd. Intersection,500234051,30,9,20260806T001103,24.97043,121.33101,20,1,8,1,2026-08-06T00:22:30+08:00
新北市,New Taipei City,YouBike2.0_龍鳳夜市,鶯歌區,鳳三路/龍三路(東南側),YouBike2.0_LongFeng Night Market,Yingge Dist,Feng 3rd Rd. & Long 3rd Rd. (Southeast),500234052,30,3,20260806T001203,24.97329,121.33331,27,1,3,0,2026-08-06T00:22:30+08:00
新北市,New Taipei City,YouBike2.0_中湖市民活動中心,鶯歌區,中湖街21號,YouBike2.0_Zhonghu Civic Activity Center,Yingge Dist,"No. 21, ZhongHu St.",500234053,20,11,20260805T165503,24.97298,121.3472,9,1,8,3,2026-08-06T00:22:30+08:00
新北市,New Taipei City,YouBike2.0_鳳一鳳吉一街口,鶯歌區,鳳吉一街259號(旁),YouBike2.0_Feng 1st Rd. & FengJi 1st St. Intersection,Yingge Dist,"No. 259, FengJi 1st St. (Side)",500234054,20,3,20260806T001103,24.97677,121.3317,17,1,3,0,2026-08-06T00:22:30+08:00
新北市,New Taipei City,YouBike2.0_鳳五路122號前,鶯歌區,鳳五路122號前,"YouBike2.0_No. 122, Feng 5th Rd.",Yingge Dist,"No. 122, Feng 5th Rd. (Front)",500234055,18,4,20260805T231102,24.97316,121.32991,13,1,3,1,2026-08-06T00:22:30+08:00
新北市,New Taipei City,YouBike2.0_建國永昌街口,鶯歌區,建國路546號(對面),YouBike2.0_JianGuo Rd. & YongChang St. Intersection,Yingge Dist,"No. 546, JianGuo Rd. (Opposite)",500234056,17,3,20260805T235202,24.95031,121.33831,13,1,2,1,2026-08-06T00:22:30+08:00
新北市,New Taipei City,YouBike2.0_捷運鶯歌車站,鶯歌區,館前路300號(對側),YouBike2.0_MRT Yingge Sta.,Yingge Dist,"No. 300, GuanQian Rd. (Opposite)",500234057,34,11,20260805T235302,24.95322,121.35668,22,1,11,0,2026-08-06T00:22:30+08:00
新北市,New Taipei City,YouBike2.0_鳳三龍七路口,鶯歌區,鳳三路68號,YouBike2.0_Feng 3rd Rd. & Long 7th Rd. Intersection,Yingge Dist,"No. 68, Feng 3rd Rd.",500234058,18,0,20260805T231616,24.97204,121.33467,18,1,0,0,2026-08-06T00:22:30+08:00
新北市,New Taipei City,YouBike2.0_捷運國華站,鶯歌區,國華路45號(對側),YouBike2.0_MRT Guohua Sta.,Yingge Dist,"No. 45, GuoHua Rd. (Opposite)",500234059,24,11,20260805T221404,24.95535,121.34251,13,1,11,0,2026-08-06T00:22:30+08:00
新北市,New Taipei City,YouBike2.0_捷運陶瓷老街站,鶯歌區,捷運陶瓷老街站(重慶街側),YouBike2.0_MRT Ceramics Old Street Sta.,Yingge Dist,MRT Ceramics Old Street Sta. (ChongQing St.),500234060,36,11,20260805T232203,24.95212,121.35065,24,1,11,0,2026-08-06T00:22:30+08:00
新北市,New Taipei City,YouBike2.0_捷運永吉公園站,鶯歌區,鶯桃路296巷口,YouBike2.0_MRT Yongji Park Sta.,Yingge Dist,"Ln. 296, YingTao Rd. Intersection",500234061,47,5,20260806T000103,24.96048,121.33476,41,1,3,2,2026-08-06T00:22:30+08:00
新北市,New Taipei City,YouBike2.0_捷運鶯桃福德站,鶯歌區,福德一路20號(對側),YouBike2.0_MRT Yingtao Fude Sta.,Yingge Dist,"No. 20, FuDe 1st Rd. (Opposite)",500234062,75,0,20260805T223416,24.96704,121.33044,75,1,0,0,2026-08-06T00:22:30+08:00
新北市,New Taipei City,YouBike2.0_捷運國華站(2號出口),鶯歌區,國華路97號(對側),YouBike2.0_MRT Guohua Sta.(Exit 2),Yingge Dist,"No. 97, GuoHua Rd. (Opposite)",500234063,60,3,20260805T212202,24.95374,121.34301,57,1,2,1,2026-08-06T00:22:30+08:00
新北市,New Taipei City,YouBike2.0_鶯歌山水步道停車場,鶯歌區,觀景涼亭停車場,YouBike2.0_YingGe Riverside Trail Car Park,Yingge Dist,YingGe Riverside Trail Car Park,500234064,24,11,20260805T205703,24.93205,121.32825,13,1,8,3,2026-08-06T00:22:30+08:00
新北市,New Taipei City,YouBike2.0_鶯歌火車站(仁愛路),鶯歌區,仁愛路55號對側,YouBike2.0_Yingge Railway Station(Ren’ai Rd.),Yingge Dist,"No.55, Ren’ai Rd., Yingge Dist.(opposite)",500234001,69,9,20260806T011102,24.95559,121.35441,59,1,9,0,2026-08-06T02:00:17+08:00
新北市,New Taipei City,YouBike2.0_新北市立圖書館鶯歌分館,鶯歌區,中山路150號,YouBike2.0_New Taipei City Library Yingge Branch,Yingge Dist,"No.150, Zhongshan Rd.",500234002,20,7,20260806T000002,24.9572,121.34946,13,1,5,2,2026-08-06T02:00:17+08:00
新北市,New Taipei City,YouBike2.0_文化館前路口,鶯歌區,文化路407號旁,YouBike2.0_Yingge Ceramics Museum,Yingge Dist,"No. 407, Wenhua Rd.",500234003,44,16,20260805T232103,24.94948,121.35291,28,1,16,0,2026-08-06T02:00:17+08:00
新北市,New Taipei City,YouBike2.0_鶯歌國民運動中心,鶯歌區,館前路250號運動中心前,YouBike2.0_Yingge Civil Sports Center,Yingge Dist,"No.250, Guanqian Rd., Yingge Dist.",500234004,38,13,20260805T232103,24.95139,121.35733,24,1,13,0,2026-08-06T02:00:17+08:00
新北市,New Taipei City,YouBike2.0_尖山國中,鶯歌區,國中街1號,YouBike2.0_Municipal Jianshan Junior High School,Yingge Dist,"No.1, Guozhong St., Yingge Dist(sidewalk)",500234005,20,8,20260805T223004,24.94381,121.34207,12,1,5,3,2026-08-06T02:00:17+08:00
新北市,New Taipei City,YouBike2.0_新北市立鶯歌高級工商職業學校,鶯歌區,中正三路154號,YouBike2.0_New Taipei Municipal Yingge Vocational High School,Yingge Dist,"No. 154, Zhongzheng 3rd. Rd",500234006,56,2,20260806T001302,24.93923,121.33488,54,1,2,0,2026-08-06T02:00:17+08:00
新北市,New Taipei City,YouBike2.0_鶯歌國中,鶯歌區,鶯桃路39-5號對側,YouBike2.0_Yingge Junior High chool,Yingge Dist,"No.39-5, Yingtao Rd.(opposite)",500234007,30,1,20260805T231102,24.95119,121.34256,29,1,1,0,2026-08-06T02:00:17+08:00
新北市,New Taipei City,YouBike2.0_永吉國小,鶯歌區,德昌二街39號對側,YouBike2.0_Yongchi elementary school,Yingge Dist,"No.39, Dechang 2nd St., Yingge Dist.",500234008,20,1,20260806T002417,24.95865,121.33308,19,1,1,0,2026-08-06T02:00:17+08:00
新北市,New Taipei City,YouBike2.0_鳳祥公園,鶯歌區,鶯桃路365巷130號對側,YouBike2.0_Fengxiang Park,Yingge Dist,"No.130, Ln. 365, Yingtao Rd., Yingge Dist.",500234009,20,8,20260806T012503,24.96283,121.33025,12,1,7,1,2026-08-06T02:00:17+08:00
新北市,New Taipei City,YouBike2.0_鳳鳴國小,鶯歌區,永和街120號,YouBike2.0_Fengming Elementary School,Yingge Dist,"No.120, Yonghe St., Yingge Dist.",500234010,20,3,20260806T005702,24.9692,121.3347,17,1,2,1,2026-08-06T02:00:17+08:00
新北市,New Taipei City,YouBike2.0_國際二國際一路口,鶯歌區,國際二路與國際一路口,YouBike2.0_Guoji 2nd Guoji 1st Intersection,Yingge Dist,"Guoji 2nd Rd./Guoji 1st Rd., Yingge Dist.",500234011,20,8,20260805T220803,24.97577,121.3353,12,1,7,1,2026-08-06T02:00:17+08:00
新北市,New Taipei City,YouBike2.0_鳳福公園,鶯歌區,鳳吉一街186號(對面),YouBike2.0_Fengfu Park,Yingge Dist,"No. 186, Fengji 1st St., Yingge Dist.(opposite)",500234012,20,9,20260806T001203,24.97572,121.32938,11,1,8,1,2026-08-06T02:00:17+08:00
新北市,New Taipei City,YouBike2.0_尖山公園,鶯歌區,鶯歌區尖山路161號對面,YouBike2.0_Jianshan Park,Yingge Dist,"No.161, Jianshan Rd.(opposite)",500234013,29,14,20260805T231703,24.9482,121.346,12,1,13,1,2026-08-06T02:00:17+08:00
新北市,New Taipei City,YouBike2.0_永昌里兒一公園,鶯歌區,鶯桃路182巷96弄36-38號對側,YouBike2.0_Yongchang Village Children Park (No.1),Yingge Dist,"No.36-38, Aly. 96, Ln. 182, Yingtao Rd.(oppsite)",500234014,20,8,20260805T214903,24.956649374562204,121.33959628800724,12,0,8,0,2026-08-06T02:00:17+08:00
新北市,New Taipei City,YouBike2.0_南雅育智路口,鶯歌區,南雅路491號(對面),YouBike2.0_Nanya & Yuzhi Rd. Intersection,Yingge Dist,"No.491, Nanya Rd., Yingge Dist.(opposite)",500234015,22,20,20260806T000903,24.954,121.346,1,1,18,2,2026-08-06T02:00:17+08:00
新北市,New Taipei City,YouBike2.0_國中二甲路口,鶯歌區,國中街175號(前),YouBike2.0_Guozhong & Erjia Intersection,Yingge Dist,"No. 175, Guozhong St., Yingge Dist.",500234016,20,12,20260806T004503,24.939489067109363,121.33868650698288,8,1,12,0,2026-08-06T02:00:17+08:00
新北市,New Taipei City,YouBike2.0_鶯歌永利街,鶯歌區,永利街16號(對面),YouBike2.0_Yingge Yongli St.,Yingge Dist,"No. 16, Yongli St. Yingge Dist.",500234017,15,9,20260805T233803,24.95495,121.33911,5,1,8,1,2026-08-06T02:00:17+08:00
新北市,New Taipei City,YouBike2.0_二橋虹橋公園,鶯歌區,中正三路400號(對面),YouBike2.0_Erqiaoshiguanghongqiao Park,Yingge Dist,"No. 400, Zhongzheng 3rd Rd.(Opposite)",500234018,10,4,20260805T225302,24.93453,121.32595,6,1,4,0,2026-08-06T02:00:17+08:00
新北市,New Taipei City,YouBike2.0_鳳吉四鳳七路口(捷士匯社區),鶯歌區,鳳吉四街57-75號(旁),YouBike2.0_Fengji 4th & Feng 7th Rd. Intersection,Yingge Dist,"No. 57-75, Fengji 4th St.",500234021,40,16,20260806T000605,24.97383,121.32769,24,1,13,3,2026-08-06T02:00:17+08:00
新北市,New Taipei City,YouBike2.0_鶯歌老街第二停車場,鶯歌區,尖山埔路27-31號(對面),YouBike2.0_Yingge Old Street 2nd Parking Lot,Yingge Dist,"No. 27-31, Jianshanpu Rd.(Opposite)",500234022,20,15,20260806T014803,24.94895,121.34227,5,1,15,0,2026-08-06T02:00:17+08:00
新北市,New Taipei City,YouBike2.0_建國中正一路口(北鶯社區),鶯歌區,建國路6號(對面空地),YouBike2.0_Jianguo Zhongzheng 1st Rd. Intersection,Yingge Dist,"No. 6, Jianguo Rd.(Opposite)",500234023,20,2,20260805T222602,24.95658,121.35692,18,1,2,0,2026-08-06T02:00:17+08:00
新北市,New Taipei City,YouBike2.0_三鶯水資源回收中心,鶯歌區,館前路360號(旁),YouBike2.0_Sanying Water Recycling Center,Yingge Dist,"No. 360, Guanqian Rd.",500234024,14,2,20260805T194217,24.95535,121.35996,12,1,2,0,2026-08-06T02:00:17+08:00
新北市,New Taipei City,YouBike2.0_永和街65巷口,鶯歌區,永和街75號,"YouBike2.0_Ln. 65, Yonghe St. Intersection",Yingge Dist,"No. 75, Yonghe St.",500234025,37,12,20260806T010602,24.96798,121.3331413,24,1,10,2,2026-08-06T02:00:17+08:00
新北市,New Taipei City,YouBike2.0_鶯歌陶瓷博物館,鶯歌區,文化路200號(旁),YouBike2.0_Yingge Ceramics Museum(Wenhua Rd.),Yingge Dist,"No. 200, Wenhua Rd.",500234026,22,9,20260806T002202,24.95012,121.35245,11,1,8,1,2026-08-06T02:00:17+08:00
新北市,New Taipei City,YouBike2.0_礫間停車場,鶯歌區,礫間停車場,YouBike2.0_Lijian Parking,Yingge Dist,Lijian Parking,500234028,20,14,20260805T234602,24.9518,121.35445,6,1,14,0,2026-08-06T02:00:17+08:00
新北市,New Taipei City,YouBike2.0_北鶯停車場,鶯歌區,北鶯停車場,YouBike2.0_Beiying Parking,Yingge Dist,Beiying Parking,500234029,20,3,20260805T211204,24.95567,121.35992,17,1,3,0,2026-08-06T02:00:17+08:00
新北市,New Taipei City,YouBike2.0_育英建國路口,鶯歌區,建國路280號(旁),YouBike2.0_Yuying Jianguo Rd. Intersection,Yingge Dist,"No. 280, Jianguo Rd.",500234030,12,5,20260805T231703,24.95356,121.34693,7,1,4,1,2026-08-06T02:00:17+08:00
新北市,New Taipei City,YouBike2.0_中正一仁愛路口,鶯歌區,中正一路181號(對面),YouBike2.0_Zhongzheng 1st & Ren'ai Rd Intersection,Yingge Dist,"No. 181, Zhongzheng 1st Rd.(Opposite)",500234031,15,5,20260805T223504,24.95672,121.3532,10,1,5,0,2026-08-06T02:00:17+08:00
新北市,New Taipei City,YouBike2.0_建國國小,鶯歌區,育英街19號(旁),YouBike2.0_Jianguo Elementary School,Yingge Dist,"No. 19, Yuying St.",500234032,15,9,20260806T015003,24.95521,121.34727,6,1,9,0,2026-08-06T02:00:17+08:00
新北市,New Taipei City,YouBike2.0_光明橋,鶯歌區,永明街78號(旁),YouBike2.0_Guang-ming bridge,Yingge Dist,"No. 78, Yongming St., Yingge Dist.(side)",500234033,14,9,20260806T004004,24.95577,121.34128,5,1,9,0,2026-08-06T02:00:17+08:00
新北市,New Taipei City,YouBike2.0_二橋派出所,鶯歌區,高職西街/中正三路口(西北側),YouBike2.0_Erqiao Police Station,Yingge Dist,"Gaozhi W. St. & Zhongzheng 3rd Rd., Yingge Dist. (west side)",500234034,11,8,20260806T004103,24.94216,121.33884,2,1,7,1,2026-08-06T02:00:17+08:00
新北市,New Taipei City,YouBike2.0_國中高職東街口,鶯歌區,國中路113至117-3號(對面),YouBike2.0_Guozhong & Gaozhi E. Intersection,Yingge Dist,"No. 113, Guozhong St., Yingge Dist.(opposite)",500234035,15,3,20260805T231204,24.94117,121.34116,12,1,1,2,2026-08-06T02:00:17+08:00
新北市,New Taipei City,YouBike2.0_尖山路高厝巷口,鶯歌區,尖山路276-5號(旁),YouBike2.0_Gaocuo Ln. Jianshan Rd.,Yingge Dist,"No. 276-5, Jianshan Rd. (Side)",500234036,15,6,20260806T015404,24.94495,121.34102,9,1,6,0,2026-08-06T02:00:17+08:00
新北市,New Taipei City,YouBike2.0_公八停車場,鶯歌區,國華路53號(對面),YouBike2.0_Public 8th Parking Lot,Yingge Dist,"No.53, Guohua Rd. (opposite)",500234037,15,12,20260806T000503,24.95515,121.34285,3,1,11,1,2026-08-06T02:00:17+08:00
新北市,New Taipei City,YouBike2.0_龍三鳳鳴路口,鶯歌區,鳳鳴路541號,YouBike2.0_Long 3rd. Rd. & Fengming Rd. Intersection,Yingge Dist,"No. 541, Fengming Rd.",500234038,18,8,20260806T013103,24.97286,121.33137,10,1,7,1,2026-08-06T02:00:17+08:00
新北市,New Taipei City,YouBike2.0_鳳福鳳三路口,鶯歌區,鳳三路360號,YouBike2.0_Fengfu Rd. & Feng 3rd. Rd. Intersection,Yingge Dist,"No. 360, Feng 3rd Rd.",500234039,22,5,20260806T005918,24.97567,121.33143,17,1,5,0,2026-08-06T02:00:17+08:00
新北市,New Taipei City,YouBike2.0_北鶯公園,鶯歌區,成功街20巷19號(旁),YouBike2.0_Beiying Park,Yingge Dist,"No. 19, Ln. 20, Chenggong St. (Side)",500234040,15,7,20260805T231703,24.95777,121.35942,8,1,7,0,2026-08-06T02:00:17+08:00
新北市,New Taipei City,YouBike2.0_鶯歌火車站(文化路),鶯歌區,文化路/文化路115巷(北側),YouBike2.0_Yingge Station (Wenhua Rd.),Yingge Dist,"Ln. 115, Wenhua Rd. Intersection (North)",500234041,25,12,20260806T005503,24.95536,121.35697,13,1,12,0,2026-08-06T02:00:17+08:00
新北市,New Taipei City,YouBike2.0_鳳七鶯歌路口,鶯歌區,鶯歌路101-107號(旁),YouBike2.0_Feng 7th Rd. & Yingge Rd. Intersection,Yingge Dist,"No. 101-107, Yingge Rd. (Side)",500234042,11,6,20260806T013003,24.96916,121.33193,5,1,6,0,2026-08-06T02:00:17+08:00
新北市,New Taipei City,YouBike2.0_國際一路112巷口,鶯歌區,國際一路167號(前),"YouBike2.0_Ln. 112, GuoJi 1st Rd.",Yingge Dist,"No. 167, GuoJi 1st Rd. (Front)",500234043,15,5,20260806T005802,24.97667,121.33579,10,1,3,2,2026-08-06T02:00:17+08:00
新北市,New Taipei City,YouBike2.0_臺鐵鳳鳴站,鶯歌區,鳳一路/鶯歌路口,YouBike2.0_Fengming Station,Yingge Dist,Feng 1st Rd. & YingGe Rd.,500234044,40,0,20260710T070303,24.97227,121.33674,0,0,0,0,2026-08-06T02:00:17+08:00
新北市,New Taipei City,YouBike2.0_鶯歌陶瓷老街,鶯歌區,重慶街/國慶街(西南側),YouBike2.0_YingGe Old Street,Yingge Dist,ChongQing St. & GuoQing St. (Southwest),500234045,33,23,20260806T002802,24.95219,121.351,10,1,23,0,2026-08-06T02:00:17+08:00
新北市,New Taipei City,YouBike2.0_鶯歌火車站(仁愛路62號),鶯歌區,仁愛路62號(東側),"YouBike2.0_YingGe Station (No. 62, RenAi Rd.)",Yingge Dist,"No. 62, RenAi Rd. (East)",500234046,42,5,20260806T000304,24.95505,121.35407,37,1,5,0,2026-08-06T02:00:17+08:00
新北市,New Taipei City,YouBike2.0_臺鐵鳳鳴站(鶯歌路),鶯歌區,鶯歌路276號(對面),YouBike2.0_Fengming Station (YingGe Rd.),Yingge Dist,"No. 276, YingGe Rd. (Opposite)",500234047,20,2,20260806T001402,24.97189,121.33651,17,1,2,0,2026-08-06T02:00:17+08:00
新北市,New Taipei City,YouBike2.0_光明育智路口,鶯歌區,光明街126號(東南側),YouBike2.0_GuangMing St. & YuZhi Rd. Intersection,Yingge Dist,"No. 126, GuangMing St. (Southeast)",500234048,14,9,20260806T002216,24.95587,121.3456,4,1,8,1,2026-08-06T02:00:17+08:00
新北市,New Taipei City,YouBike2.0_新鳳公園,鶯歌區,鶯桃路二段60號(對側),YouBike2.0_XinFeng Park,Yingge Dist,"No. 60, Sec. 2, YingTao Rd. (Opposite)",500234049,14,12,20260806T013704,24.9732,121.32474,2,1,12,0,2026-08-06T02:00:17+08:00
新北市,New Taipei City,YouBike2.0_鳳鳴機器人公園,鶯歌區,鳳鳴路/福安街7巷24弄口,YouBike2.0_FengMing Robot Park,Yingge Dist,"FengMing Rd. & Aly. 24, Ln. 7, FuAn St.",500234050,17,6,20260805T234603,24.96618,121.33465,11,1,4,2,2026-08-06T02:00:17+08:00
新北市,New Taipei City,YouBike2.0_龍五鳳七路口,鶯歌區,龍五路/鳳七路口,YouBike2.0_Long 5th Rd. & Feng 7th Rd. Intersection,Yingge Dist,Long 5th Rd. & Feng 7th Rd. Intersection,500234051,30,10,20260806T002703,24.97043,121.33101,19,1,9,1,2026-08-06T02:00:17+08:00
新北市,New Taipei City,YouBike2.0_龍鳳夜市,鶯歌區,鳳三路/龍三路(東南側),YouBike2.0_LongFeng Night Market,Yingge Dist,Feng 3rd Rd. & Long 3rd Rd. (Southeast),500234052,30,3,20260806T001203,24.97329,121.33331,27,1,3,0,2026-08-06T02:00:17+08:00
新北市,New Taipei City,YouBike2.0_中湖市民活動中心,鶯歌區,中湖街21號,YouBike2.0_Zhonghu Civic Activity Center,Yingge Dist,"No. 21, ZhongHu St.",500234053,20,11,20260805T165503,24.97298,121.3472,9,1,8,3,2026-08-06T02:00:17+08:00
新北市,New Taipei City,YouBike2.0_鳳一鳳吉一街口,鶯歌區,鳳吉一街259號(旁),YouBike2.0_Feng 1st Rd. & FengJi 1st St. Intersection,Yingge Dist,"No. 259, FengJi 1st St. (Side)",500234054,20,3,20260806T001103,24.97677,121.3317,17,1,3,0,2026-08-06T02:00:17+08:00
新北市,New Taipei City,YouBike2.0_鳳五路122號前,鶯歌區,鳳五路122號前,"YouBike2.0_No. 122, Feng 5th Rd.",Yingge Dist,"No. 122, Feng 5th Rd. (Front)",500234055,18,4,20260805T231102,24.97316,121.32991,13,1,3,1,2026-08-06T02:00:17+08:00
新北市,New Taipei City,YouBike2.0_建國永昌街口,鶯歌區,建國路546號(對面),YouBike2.0_JianGuo Rd. & YongChang St. Intersection,Yingge Dist,"No. 546, JianGuo Rd. (Opposite)",500234056,17,3,20260806T011903,24.95031,121.33831,13,1,2,1,2026-08-06T02:00:17+08:00
新北市,New Taipei City,YouBike2.0_捷運鶯歌車站,鶯歌區,館前路300號(對側),YouBike2.0_MRT Yingge Sta.,Yingge Dist,"No. 300, GuanQian Rd. (Opposite)",500234057,34,13,20260806T014203,24.95322,121.35668,20,1,13,0,2026-08-06T02:00:17+08:00
新北市,New Taipei City,YouBike2.0_鳳三龍七路口,鶯歌區,鳳三路68號,YouBike2.0_Feng 3rd Rd. & Long 7th Rd. Intersection,Yingge Dist,"No. 68, Feng 3rd Rd.",500234058,18,5,20260806T004023,24.97204,121.33467,13,1,5,0,2026-08-06T02:00:17+08:00
新北市,New Taipei City,YouBike2.0_捷運國華站,鶯歌區,國華路45號(對側),YouBike2.0_MRT Guohua Sta.,Yingge Dist,"No. 45, GuoHua Rd. (Opposite)",500234059,24,11,20260805T221404,24.95535,121.34251,13,1,11,0,2026-08-06T02:00:17+08:00
新北市,New Taipei City,YouBike2.0_捷運陶瓷老街站,鶯歌區,捷運陶瓷老街站(重慶街側),YouBike2.0_MRT Ceramics Old Street Sta.,Yingge Dist,MRT Ceramics Old Street Sta. (ChongQing St.),500234060,36,11,20260805T232203,24.95212,121.35065,24,1,11,0,2026-08-06T02:00:17+08:00
新北市,New Taipei City,YouBike2.0_捷運永吉公園站,鶯歌區,鶯桃路296巷口,YouBike2.0_MRT Yongji Park Sta.,Yingge Dist,"Ln. 296, YingTao Rd. Intersection",500234061,47,8,20260806T010303,24.96048,121.33476,38,1,5,3,2026-08-06T02:00:17+08:00
新北市,New Taipei City,YouBike2.0_捷運鶯桃福德站,鶯歌區,福德一路20號(對側),YouBike2.0_MRT Yingtao Fude Sta.,Yingge Dist,"No. 20, FuDe 1st Rd. (Opposite)",500234062,75,15,20260806T011003,24.96704,121.33044,60,1,15,0,2026-08-06T02:00:17+08:00
新北市,New Taipei City,YouBike2.0_捷運國華站(2號出口),鶯歌區,國華路97號(對側),YouBike2.0_MRT Guohua Sta.(Exit 2),Yingge Dist,"No. 97, GuoHua Rd. (Opposite)",500234063,60,3,20260806T003402,24.95374,121.34301,57,1,2,1,2026-08-06T02:00:17+08:00
新北市,New Taipei City,YouBike2.0_鶯歌山水步道停車場,鶯歌區,觀景涼亭停車場,YouBike2.0_YingGe Riverside Trail Car Park,Yingge Dist,YingGe Riverside Trail Car Park,500234064,24,11,20260805T205703,24.93205,121.32825,13,1,8,3,2026-08-06T02:00:17+08:00
新北市,New Taipei City,YouBike2.0_鶯歌火車站(仁愛路),鶯歌區,仁愛路55號對側,YouBike2.0_Yingge Railway Station(Ren’ai Rd.),Yingge Dist,"No.55, Ren’ai Rd., Yingge Dist.(opposite)",500234001,69,9,20260806T011102,24.95559,121.35441,59,1,9,0,2026-08-06T03:42:35+08:00
新北市,New Taipei City,YouBike2.0_新北市立圖書館鶯歌分館,鶯歌區,中山路150號,YouBike2.0_New Taipei City Library Yingge Branch,Yingge Dist,"No.150, Zhongshan Rd.",500234002,20,7,20260806T000002,24.9572,121.34946,13,1,5,2,2026-08-06T03:42:35+08:00
新北市,New Taipei City,YouBike2.0_文化館前路口,鶯歌區,文化路407號旁,YouBike2.0_Yingge Ceramics Museum,Yingge Dist,"No. 407, Wenhua Rd.",500234003,44,16,20260805T232103,24.94948,121.35291,28,1,16,0,2026-08-06T03:42:35+08:00
新北市,New Taipei City,YouBike2.0_鶯歌國民運動中心,鶯歌區,館前路250號運動中心前,YouBike2.0_Yingge Civil Sports Center,Yingge Dist,"No.250, Guanqian Rd., Yingge Dist.",500234004,38,14,20260806T021603,24.95139,121.35733,23,1,14,0,2026-08-06T03:42:35+08:00
新北市,New Taipei City,YouBike2.0_尖山國中,鶯歌區,國中街1號,YouBike2.0_Municipal Jianshan Junior High School,Yingge Dist,"No.1, Guozhong St., Yingge Dist(sidewalk)",500234005,20,8,20260805T223004,24.94381,121.34207,12,1,5,3,2026-08-06T03:42:35+08:00
新北市,New Taipei City,YouBike2.0_新北市立鶯歌高級工商職業學校,鶯歌區,中正三路154號,YouBike2.0_New Taipei Municipal Yingge Vocational High School,Yingge Dist,"No. 154, Zhongzheng 3rd. Rd",500234006,56,2,20260806T001302,24.93923,121.33488,54,1,2,0,2026-08-06T03:42:35+08:00
新北市,New Taipei City,YouBike2.0_鶯歌國中,鶯歌區,鶯桃路39-5號對側,YouBike2.0_Yingge Junior High chool,Yingge Dist,"No.39-5, Yingtao Rd.(opposite)",500234007,30,1,20260805T231102,24.95119,121.34256,29,1,1,0,2026-08-06T03:42:35+08:00
新北市,New Taipei City,YouBike2.0_永吉國小,鶯歌區,德昌二街39號對側,YouBike2.0_Yongchi elementary school,Yingge Dist,"No.39, Dechang 2nd St., Yingge Dist.",500234008,20,1,20260806T002417,24.95865,121.33308,19,1,1,0,2026-08-06T03:42:35+08:00
新北市,New Taipei City,YouBike2.0_鳳祥公園,鶯歌區,鶯桃路365巷130號對側,YouBike2.0_Fengxiang Park,Yingge Dist,"No.130, Ln. 365, Yingtao Rd., Yingge Dist.",500234009,20,8,20260806T012503,24.96283,121.33025,12,1,7,1,2026-08-06T03:42:35+08:00
新北市,New Taipei City,YouBike2.0_鳳鳴國小,鶯歌區,永和街120號,YouBike2.0_Fengming Elementary School,Yingge Dist,"No.120, Yonghe St., Yingge Dist.",500234010,20,3,20260806T005702,24.9692,121.3347,17,1,2,1,2026-08-06T03:42:35+08:00
新北市,New Taipei City,YouBike2.0_國際二國際一路口,鶯歌區,國際二路與國際一路口,YouBike2.0_Guoji 2nd Guoji 1st Intersection,Yingge Dist,"Guoji 2nd Rd./Guoji 1st Rd., Yingge Dist.",500234011,20,8,20260805T220803,24.97577,121.3353,12,1,7,1,2026-08-06T03:42:35+08:00
新北市,New Taipei City,YouBike2.0_鳳福公園,鶯歌區,鳳吉一街186號(對面),YouBike2.0_Fengfu Park,Yingge Dist,"No. 186, Fengji 1st St., Yingge Dist.(opposite)",500234012,20,9,20260806T001203,24.97572,121.32938,11,1,8,1,2026-08-06T03:42:35+08:00
新北市,New Taipei City,YouBike2.0_尖山公園,鶯歌區,鶯歌區尖山路161號對面,YouBike2.0_Jianshan Park,Yingge Dist,"No.161, Jianshan Rd.(opposite)",500234013,29,14,20260805T231703,24.9482,121.346,12,1,13,1,2026-08-06T03:42:35+08:00
新北市,New Taipei City,YouBike2.0_永昌里兒一公園,鶯歌區,鶯桃路182巷96弄36-38號對側,YouBike2.0_Yongchang Village Children Park (No.1),Yingge Dist,"No.36-38, Aly. 96, Ln. 182, Yingtao Rd.(oppsite)",500234014,20,8,20260805T214903,24.956649374562204,121.33959628800724,12,0,8,0,2026-08-06T03:42:35+08:00
新北市,New Taipei City,YouBike2.0_南雅育智路口,鶯歌區,南雅路491號(對面),YouBike2.0_Nanya & Yuzhi Rd. Intersection,Yingge Dist,"No.491, Nanya Rd., Yingge Dist.(opposite)",500234015,22,16,20260806T020918,24.954,121.346,5,1,16,0,2026-08-06T03:42:35+08:00
新北市,New Taipei City,YouBike2.0_國中二甲路口,鶯歌區,國中街175號(前),YouBike2.0_Guozhong & Erjia Intersection,Yingge Dist,"No. 175, Guozhong St., Yingge Dist.",500234016,20,12,20260806T004503,24.939489067109363,121.33868650698288,8,1,12,0,2026-08-06T03:42:35+08:00
新北市,New Taipei City,YouBike2.0_鶯歌永利街,鶯歌區,永利街16號(對面),YouBike2.0_Yingge Yongli St.,Yingge Dist,"No. 16, Yongli St. Yingge Dist.",500234017,15,9,20260805T233803,24.95495,121.33911,5,1,8,1,2026-08-06T03:42:35+08:00
新北市,New Taipei City,YouBike2.0_二橋虹橋公園,鶯歌區,中正三路400號(對面),YouBike2.0_Erqiaoshiguanghongqiao Park,Yingge Dist,"No. 400, Zhongzheng 3rd Rd.(Opposite)",500234018,10,4,20260805T225302,24.93453,121.32595,6,1,4,0,2026-08-06T03:42:35+08:00
新北市,New Taipei City,YouBike2.0_鳳吉四鳳七路口(捷士匯社區),鶯歌區,鳳吉四街57-75號(旁),YouBike2.0_Fengji 4th & Feng 7th Rd. Intersection,Yingge Dist,"No. 57-75, Fengji 4th St.",500234021,40,16,20260806T000605,24.97383,121.32769,24,1,13,3,2026-08-06T03:42:35+08:00
新北市,New Taipei City,YouBike2.0_鶯歌老街第二停車場,鶯歌區,尖山埔路27-31號(對面),YouBike2.0_Yingge Old Street 2nd Parking Lot,Yingge Dist,"No. 27-31, Jianshanpu Rd.(Opposite)",500234022,20,15,20260806T014803,24.94895,121.34227,5,1,15,0,2026-08-06T03:42:35+08:00
新北市,New Taipei City,YouBike2.0_建國中正一路口(北鶯社區),鶯歌區,建國路6號(對面空地),YouBike2.0_Jianguo Zhongzheng 1st Rd. Intersection,Yingge Dist,"No. 6, Jianguo Rd.(Opposite)",500234023,20,2,20260805T222602,24.95658,121.35692,18,1,2,0,2026-08-06T03:42:35+08:00
新北市,New Taipei City,YouBike2.0_三鶯水資源回收中心,鶯歌區,館前路360號(旁),YouBike2.0_Sanying Water Recycling Center,Yingge Dist,"No. 360, Guanqian Rd.",500234024,14,2,20260805T194217,24.95535,121.35996,12,1,2,0,2026-08-06T03:42:35+08:00
新北市,New Taipei City,YouBike2.0_永和街65巷口,鶯歌區,永和街75號,"YouBike2.0_Ln. 65, Yonghe St. Intersection",Yingge Dist,"No. 75, Yonghe St.",500234025,37,13,20260806T030304,24.96798,121.3331413,23,1,11,2,2026-08-06T03:42:35+08:00
新北市,New Taipei City,YouBike2.0_鶯歌陶瓷博物館,鶯歌區,文化路200號(旁),YouBike2.0_Yingge Ceramics Museum(Wenhua Rd.),Yingge Dist,"No. 200, Wenhua Rd.",500234026,22,9,20260806T002202,24.95012,121.35245,11,1,8,1,2026-08-06T03:42:35+08:00
新北市,New Taipei City,YouBike2.0_礫間停車場,鶯歌區,礫間停車場,YouBike2.0_Lijian Parking,Yingge Dist,Lijian Parking,500234028,20,14,20260805T234602,24.9518,121.35445,6,1,14,0,2026-08-06T03:42:35+08:00
新北市,New Taipei City,YouBike2.0_北鶯停車場,鶯歌區,北鶯停車場,YouBike2.0_Beiying Parking,Yingge Dist,Beiying Parking,500234029,20,3,20260805T211204,24.95567,121.35992,17,1,3,0,2026-08-06T03:42:35+08:00
新北市,New Taipei City,YouBike2.0_育英建國路口,鶯歌區,建國路280號(旁),YouBike2.0_Yuying Jianguo Rd. Intersection,Yingge Dist,"No. 280, Jianguo Rd.",500234030,12,5,20260805T231703,24.95356,121.34693,7,1,4,1,2026-08-06T03:42:35+08:00
新北市,New Taipei City,YouBike2.0_中正一仁愛路口,鶯歌區,中正一路181號(對面),YouBike2.0_Zhongzheng 1st & Ren'ai Rd Intersection,Yingge Dist,"No. 181, Zhongzheng 1st Rd.(Opposite)",500234031,15,5,20260805T223504,24.95672,121.3532,10,1,5,0,2026-08-06T03:42:35+08:00
新北市,New Taipei City,YouBike2.0_建國國小,鶯歌區,育英街19號(旁),YouBike2.0_Jianguo Elementary School,Yingge Dist,"No. 19, Yuying St.",500234032,15,9,20260806T015003,24.95521,121.34727,6,1,9,0,2026-08-06T03:42:35+08:00
新北市,New Taipei City,YouBike2.0_光明橋,鶯歌區,永明街78號(旁),YouBike2.0_Guang-ming bridge,Yingge Dist,"No. 78, Yongming St., Yingge Dist.(side)",500234033,14,11,20260806T023304,24.95577,121.34128,3,1,9,2,2026-08-06T03:42:35+08:00
新北市,New Taipei City,YouBike2.0_二橋派出所,鶯歌區,高職西街/中正三路口(西北側),YouBike2.0_Erqiao Police Station,Yingge Dist,"Gaozhi W. St. & Zhongzheng 3rd Rd., Yingge Dist. (west side)",500234034,11,8,20260806T004103,24.94216,121.33884,2,1,7,1,2026-08-06T03:42:35+08:00
新北市,New Taipei City,YouBike2.0_國中高職東街口,鶯歌區,國中路113至117-3號(對面),YouBike2.0_Guozhong & Gaozhi E. Intersection,Yingge Dist,"No. 113, Guozhong St., Yingge Dist.(opposite)",500234035,15,3,20260805T231204,24.94117,121.34116,12,1,1,2,2026-08-06T03:42:35+08:00
新北市,New Taipei City,YouBike2.0_尖山路高厝巷口,鶯歌區,尖山路276-5號(旁),YouBike2.0_Gaocuo Ln. Jianshan Rd.,Yingge Dist,"No. 276-5, Jianshan Rd. (Side)",500234036,15,6,20260806T015404,24.94495,121.34102,9,1,6,0,2026-08-06T03:42:35+08:00
新北市,New Taipei City,YouBike2.0_公八停車場,鶯歌區,國華路53號(對面),YouBike2.0_Public 8th Parking Lot,Yingge Dist,"No.53, Guohua Rd. (opposite)",500234037,15,12,20260806T000503,24.95515,121.34285,3,1,11,1,2026-08-06T03:42:35+08:00
新北市,New Taipei City,YouBike2.0_龍三鳳鳴路口,鶯歌區,鳳鳴路541號,YouBike2.0_Long 3rd. Rd. & Fengming Rd. Intersection,Yingge Dist,"No. 541, Fengming Rd.",500234038,18,7,20260806T021904,24.97286,121.33137,11,1,6,1,2026-08-06T03:42:35+08:00
新北市,New Taipei City,YouBike2.0_鳳福鳳三路口,鶯歌區,鳳三路360號,YouBike2.0_Fengfu Rd. & Feng 3rd. Rd. Intersection,Yingge Dist,"No. 360, Feng 3rd Rd.",500234039,22,8,20260806T030703,24.97567,121.33143,14,1,8,0,2026-08-06T03:42:35+08:00
新北市,New Taipei City,YouBike2.0_北鶯公園,鶯歌區,成功街20巷19號(旁),YouBike2.0_Beiying Park,Yingge Dist,"No. 19, Ln. 20, Chenggong St. (Side)",500234040,15,9,20260806T021704,24.95777,121.35942,6,1,9,0,2026-08-06T03:42:35+08:00
新北市,New Taipei City,YouBike2.0_鶯歌火車站(文化路),鶯歌區,文化路/文化路115巷(北側),YouBike2.0_Yingge Station (Wenhua Rd.),Yingge Dist,"Ln. 115, Wenhua Rd. Intersection (North)",500234041,25,12,20260806T005503,24.95536,121.35697,13,1,12,0,2026-08-06T03:42:35+08:00
新北市,New Taipei City,YouBike2.0_鳳七鶯歌路口,鶯歌區,鶯歌路101-107號(旁),YouBike2.0_Feng 7th Rd. & Yingge Rd. Intersection,Yingge Dist,"No. 101-107, Yingge Rd. (Side)",500234042,11,6,20260806T013003,24.96916,121.33193,5,1,6,0,2026-08-06T03:42:35+08:00
新北市,New Taipei City,YouBike2.0_國際一路112巷口,鶯歌區,國際一路167號(前),"YouBike2.0_Ln. 112, GuoJi 1st Rd.",Yingge Dist,"No. 167, GuoJi 1st Rd. (Front)",500234043,15,5,20260806T005802,24.97667,121.33579,10,1,3,2,2026-08-06T03:42:35+08:00
新北市,New Taipei City,YouBike2.0_臺鐵鳳鳴站,鶯歌區,鳳一路/鶯歌路口,YouBike2.0_Fengming Station,Yingge Dist,Feng 1st Rd. & YingGe Rd.,500234044,40,0,20260710T070303,24.97227,121.33674,0,0,0,0,2026-08-06T03:42:35+08:00
新北市,New Taipei City,YouBike2.0_鶯歌陶瓷老街,鶯歌區,重慶街/國慶街(西南側),YouBike2.0_YingGe Old Street,Yingge Dist,ChongQing St. & GuoQing St. (Southwest),500234045,33,23,20260806T002802,24.95219,121.351,10,1,23,0,2026-08-06T03:42:35+08:00
新北市,New Taipei City,YouBike2.0_鶯歌火車站(仁愛路62號),鶯歌區,仁愛路62號(東側),"YouBike2.0_YingGe Station (No. 62, RenAi Rd.)",Yingge Dist,"No. 62, RenAi Rd. (East)",500234046,42,5,20260806T000304,24.95505,121.35407,37,1,5,0,2026-08-06T03:42:35+08:00
新北市,New Taipei City,YouBike2.0_臺鐵鳳鳴站(鶯歌路),鶯歌區,鶯歌路276號(對面),YouBike2.0_Fengming Station (YingGe Rd.),Yingge Dist,"No. 276, YingGe Rd. (Opposite)",500234047,20,2,20260806T001402,24.97189,121.33651,17,1,2,0,2026-08-06T03:42:35+08:00
新北市,New Taipei City,YouBike2.0_光明育智路口,鶯歌區,光明街126號(東南側),YouBike2.0_GuangMing St. & YuZhi Rd. Intersection,Yingge Dist,"No. 126, GuangMing St. (Southeast)",500234048,14,9,20260806T002216,24.95587,121.3456,4,1,8,1,2026-08-06T03:42:35+08:00
新北市,New Taipei City,YouBike2.0_新鳳公園,鶯歌區,鶯桃路二段60號(對側),YouBike2.0_XinFeng Park,Yingge Dist,"No. 60, Sec. 2, YingTao Rd. (Opposite)",500234049,14,12,20260806T013704,24.9732,121.32474,2,1,12,0,2026-08-06T03:42:35+08:00
新北市,New Taipei City,YouBike2.0_鳳鳴機器人公園,鶯歌區,鳳鳴路/福安街7巷24弄口,YouBike2.0_FengMing Robot Park,Yingge Dist,"FengMing Rd. & Aly. 24, Ln. 7, FuAn St.",500234050,17,6,20260805T234603,24.96618,121.33465,11,1,4,2,2026-08-06T03:42:35+08:00
新北市,New Taipei City,YouBike2.0_龍五鳳七路口,鶯歌區,龍五路/鳳七路口,YouBike2.0_Long 5th Rd. & Feng 7th Rd. Intersection,Yingge Dist,Long 5th Rd. & Feng 7th Rd. Intersection,500234051,30,10,20260806T002703,24.97043,121.33101,19,1,9,1,2026-08-06T03:42:35+08:00
新北市,New Taipei City,YouBike2.0_龍鳳夜市,鶯歌區,鳳三路/龍三路(東南側),YouBike2.0_LongFeng Night Market,Yingge Dist,Feng 3rd Rd. & Long 3rd Rd. (Southeast),500234052,30,3,20260806T001203,24.97329,121.33331,27,1,3,0,2026-08-06T03:42:35+08:00
新北市,New Taipei City,YouBike2.0_中湖市民活動中心,鶯歌區,中湖街21號,YouBike2.0_Zhonghu Civic Activity Center,Yingge Dist,"No. 21, ZhongHu St.",500234053,20,11,20260805T165503,24.97298,121.3472,9,1,8,3,2026-08-06T03:42:35+08:00
新北市,New Taipei City,YouBike2.0_鳳一鳳吉一街口,鶯歌區,鳳吉一街259號(旁),YouBike2.0_Feng 1st Rd. & FengJi 1st St. Intersection,Yingge Dist,"No. 259, FengJi 1st St. (Side)",500234054,20,4,20260806T022302,24.97677,121.3317,16,1,4,0,2026-08-06T03:42:35+08:00
新北市,New Taipei City,YouBike2.0_鳳五路122號前,鶯歌區,鳳五路122號前,"YouBike2.0_No. 122, Feng 5th Rd.",Yingge Dist,"No. 122, Feng 5th Rd. (Front)",500234055,18,4,20260805T231102,24.97316,121.32991,13,1,3,1,2026-08-06T03:42:35+08:00
新北市,New Taipei City,YouBike2.0_建國永昌街口,鶯歌區,建國路546號(對面),YouBike2.0_JianGuo Rd. & YongChang St. Intersection,Yingge Dist,"No. 546, JianGuo Rd. (Opposite)",500234056,17,3,20260806T011903,24.95031,121.33831,13,1,2,1,2026-08-06T03:42:35+08:00
新北市,New Taipei City,YouBike2.0_捷運鶯歌車站,鶯歌區,館前路300號(對側),YouBike2.0_MRT Yingge Sta.,Yingge Dist,"No. 300, GuanQian Rd. (Opposite)",500234057,34,13,20260806T014203,24.95322,121.35668,20,1,13,0,2026-08-06T03:42:35+08:00
新北市,New Taipei City,YouBike2.0_鳳三龍七路口,鶯歌區,鳳三路68號,YouBike2.0_Feng 3rd Rd. & Long 7th Rd. Intersection,Yingge Dist,"No. 68, Feng 3rd Rd.",500234058,18,5,20260806T004023,24.97204,121.33467,13,1,5,0,2026-08-06T03:42:35+08:00
新北市,New Taipei City,YouBike2.0_捷運國華站,鶯歌區,國華路45號(對側),YouBike2.0_MRT Guohua Sta.,Yingge Dist,"No. 45, GuoHua Rd. (Opposite)",500234059,24,11,20260805T221404,24.95535,121.34251,13,1,11,0,2026-08-06T03:42:35+08:00
新北市,New Taipei City,YouBike2.0_捷運陶瓷老街站,鶯歌區,捷運陶瓷老街站(重慶街側),YouBike2.0_MRT Ceramics Old Street Sta.,Yingge Dist,MRT Ceramics Old Street Sta. (ChongQing St.),500234060,36,11,20260805T232203,24.95212,121.35065,24,1,11,0,2026-08-06T03:42:35+08:00
新北市,New Taipei City,YouBike2.0_捷運永吉公園站,鶯歌區,鶯桃路296巷口,YouBike2.0_MRT Yongji Park Sta.,Yingge Dist,"Ln. 296, YingTao Rd. Intersection",500234061,47,8,20260806T010303,24.96048,121.33476,38,1,5,3,2026-08-06T03:42:35+08:00
新北市,New Taipei City,YouBike2.0_捷運鶯桃福德站,鶯歌區,福德一路20號(對側),YouBike2.0_MRT Yingtao Fude Sta.,Yingge Dist,"No. 20, FuDe 1st Rd. (Opposite)",500234062,75,12,20260806T025902,24.96704,121.33044,63,1,12,0,2026-08-06T03:42:35+08:00
新北市,New Taipei City,YouBike2.0_捷運國華站(2號出口),鶯歌區,國華路97號(對側),YouBike2.0_MRT Guohua Sta.(Exit 2),Yingge Dist,"No. 97, GuoHua Rd. (Opposite)",500234063,60,3,20260806T003402,24.95374,121.34301,57,1,2,1,2026-08-06T03:42:35+08:00
新北市,New Taipei City,YouBike2.0_鶯歌山水步道停車場,鶯歌區,觀景涼亭停車場,YouBike2.0_YingGe Riverside Trail Car Park,Yingge Dist,YingGe Riverside Trail Car Park,500234064,24,11,20260805T205703,24.93205,121.32825,13,1,8,3,2026-08-06T03:42:35+08:00
新北市,New Taipei City,YouBike2.0_鶯歌火車站(仁愛路),鶯歌區,仁愛路55號對側,YouBike2.0_Yingge Railway Station(Ren’ai Rd.),Yingge Dist,"No.55, Ren’ai Rd., Yingge Dist.(opposite)",500234001,69,9,20260806T011102,24.95559,121.35441,59,1,9,0,2026-08-06T04:47:25+08:00
新北市,New Taipei City,YouBike2.0_新北市立圖書館鶯歌分館,鶯歌區,中山路150號,YouBike2.0_New Taipei City Library Yingge Branch,Yingge Dist,"No.150, Zhongshan Rd.",500234002,20,7,20260806T000002,24.9572,121.34946,13,1,5,2,2026-08-06T04:47:25+08:00
新北市,New Taipei City,YouBike2.0_文化館前路口,鶯歌區,文化路407號旁,YouBike2.0_Yingge Ceramics Museum,Yingge Dist,"No. 407, Wenhua Rd.",500234003,44,16,20260805T232103,24.94948,121.35291,28,1,16,0,2026-08-06T04:47:25+08:00
新北市,New Taipei City,YouBike2.0_鶯歌國民運動中心,鶯歌區,館前路250號運動中心前,YouBike2.0_Yingge Civil Sports Center,Yingge Dist,"No.250, Guanqian Rd., Yingge Dist.",500234004,38,15,20260806T043702,24.95139,121.35733,22,1,15,0,2026-08-06T04:47:25+08:00
新北市,New Taipei City,YouBike2.0_尖山國中,鶯歌區,國中街1號,YouBike2.0_Municipal Jianshan Junior High School,Yingge Dist,"No.1, Guozhong St., Yingge Dist(sidewalk)",500234005,20,8,20260805T223004,24.94381,121.34207,12,1,5,3,2026-08-06T04:47:25+08:00
新北市,New Taipei City,YouBike2.0_新北市立鶯歌高級工商職業學校,鶯歌區,中正三路154號,YouBike2.0_New Taipei Municipal Yingge Vocational High School,Yingge Dist,"No. 154, Zhongzheng 3rd. Rd",500234006,56,3,20260806T041903,24.93923,121.33488,53,1,3,0,2026-08-06T04:47:25+08:00
新北市,New Taipei City,YouBike2.0_鶯歌國中,鶯歌區,鶯桃路39-5號對側,YouBike2.0_Yingge Junior High chool,Yingge Dist,"No.39-5, Yingtao Rd.(opposite)",500234007,30,0,20260806T043117,24.95119,121.34256,30,1,0,0,2026-08-06T04:47:25+08:00
新北市,New Taipei City,YouBike2.0_永吉國小,鶯歌區,德昌二街39號對側,YouBike2.0_Yongchi elementary school,Yingge Dist,"No.39, Dechang 2nd St., Yingge Dist.",500234008,20,2,20260806T042802,24.95865,121.33308,18,1,2,0,2026-08-06T04:47:25+08:00
新北市,New Taipei City,YouBike2.0_鳳祥公園,鶯歌區,鶯桃路365巷130號對側,YouBike2.0_Fengxiang Park,Yingge Dist,"No.130, Ln. 365, Yingtao Rd., Yingge Dist.",500234009,20,8,20260806T012503,24.96283,121.33025,12,1,7,1,2026-08-06T04:47:25+08:00
新北市,New Taipei City,YouBike2.0_鳳鳴國小,鶯歌區,永和街120號,YouBike2.0_Fengming Elementary School,Yingge Dist,"No.120, Yonghe St., Yingge Dist.",500234010,20,3,20260806T005702,24.9692,121.3347,17,1,2,1,2026-08-06T04:47:25+08:00
新北市,New Taipei City,YouBike2.0_國際二國際一路口,鶯歌區,國際二路與國際一路口,YouBike2.0_Guoji 2nd Guoji 1st Intersection,Yingge Dist,"Guoji 2nd Rd./Guoji 1st Rd., Yingge Dist.",500234011,20,8,20260805T220803,24.97577,121.3353,12,1,7,1,2026-08-06T04:47:25+08:00
新北市,New Taipei City,YouBike2.0_鳳福公園,鶯歌區,鳳吉一街186號(對面),YouBike2.0_Fengfu Park,Yingge Dist,"No. 186, Fengji 1st St., Yingge Dist.(opposite)",500234012,20,9,20260806T001203,24.97572,121.32938,11,1,8,1,2026-08-06T04:47:25+08:00
新北市,New Taipei City,YouBike2.0_尖山公園,鶯歌區,鶯歌區尖山路161號對面,YouBike2.0_Jianshan Park,Yingge Dist,"No.161, Jianshan Rd.(opposite)",500234013,29,13,20260806T041302,24.9482,121.346,13,1,12,1,2026-08-06T04:47:25+08:00
新北市,New Taipei City,YouBike2.0_永昌里兒一公園,鶯歌區,鶯桃路182巷96弄36-38號對側,YouBike2.0_Yongchang Village Children Park (No.1),Yingge Dist,"No.36-38, Aly. 96, Ln. 182, Yingtao Rd.(oppsite)",500234014,20,8,20260805T214903,24.956649374562204,121.33959628800724,12,0,8,0,2026-08-06T04:47:25+08:00
新北市,New Taipei City,YouBike2.0_南雅育智路口,鶯歌區,南雅路491號(對面),YouBike2.0_Nanya & Yuzhi Rd. Intersection,Yingge Dist,"No.491, Nanya Rd., Yingge Dist.(opposite)",500234015,22,16,20260806T020918,24.954,121.346,5,1,16,0,2026-08-06T04:47:25+08:00
新北市,New Taipei City,YouBike2.0_國中二甲路口,鶯歌區,國中街175號(前),YouBike2.0_Guozhong & Erjia Intersection,Yingge Dist,"No. 175, Guozhong St., Yingge Dist.",500234016,20,11,20260806T041403,24.939489067109363,121.33868650698288,9,1,11,0,2026-08-06T04:47:25+08:00
新北市,New Taipei City,YouBike2.0_鶯歌永利街,鶯歌區,永利街16號(對面),YouBike2.0_Yingge Yongli St.,Yingge Dist,"No. 16, Yongli St. Yingge Dist.",500234017,15,9,20260805T233803,24.95495,121.33911,5,1,8,1,2026-08-06T04:47:25+08:00
新北市,New Taipei City,YouBike2.0_二橋虹橋公園,鶯歌區,中正三路400號(對面),YouBike2.0_Erqiaoshiguanghongqiao Park,Yingge Dist,"No. 400, Zhongzheng 3rd Rd.(Opposite)",500234018,10,4,20260805T225302,24.93453,121.32595,6,1,4,0,2026-08-06T04:47:25+08:00
新北市,New Taipei City,YouBike2.0_鳳吉四鳳七路口(捷士匯社區),鶯歌區,鳳吉四街57-75號(旁),YouBike2.0_Fengji 4th & Feng 7th Rd. Intersection,Yingge Dist,"No. 57-75, Fengji 4th St.",500234021,40,16,20260806T000605,24.97383,121.32769,24,1,13,3,2026-08-06T04:47:25+08:00
新北市,New Taipei City,YouBike2.0_鶯歌老街第二停車場,鶯歌區,尖山埔路27-31號(對面),YouBike2.0_Yingge Old Street 2nd Parking Lot,Yingge Dist,"No. 27-31, Jianshanpu Rd.(Opposite)",500234022,20,15,20260806T014803,24.94895,121.34227,5,1,15,0,2026-08-06T04:47:25+08:00
新北市,New Taipei City,YouBike2.0_建國中正一路口(北鶯社區),鶯歌區,建國路6號(對面空地),YouBike2.0_Jianguo Zhongzheng 1st Rd. Intersection,Yingge Dist,"No. 6, Jianguo Rd.(Opposite)",500234023,20,2,20260805T222602,24.95658,121.35692,18,1,2,0,2026-08-06T04:47:25+08:00
新北市,New Taipei City,YouBike2.0_三鶯水資源回收中心,鶯歌區,館前路360號(旁),YouBike2.0_Sanying Water Recycling Center,Yingge Dist,"No. 360, Guanqian Rd.",500234024,14,2,20260805T194217,24.95535,121.35996,12,1,2,0,2026-08-06T04:47:25+08:00
新北市,New Taipei City,YouBike2.0_永和街65巷口,鶯歌區,永和街75號,"YouBike2.0_Ln. 65, Yonghe St. Intersection",Yingge Dist,"No. 75, Yonghe St.",500234025,37,13,20260806T030304,24.96798,121.3331413,23,1,11,2,2026-08-06T04:47:25+08:00
新北市,New Taipei City,YouBike2.0_鶯歌陶瓷博物館,鶯歌區,文化路200號(旁),YouBike2.0_Yingge Ceramics Museum(Wenhua Rd.),Yingge Dist,"No. 200, Wenhua Rd.",500234026,22,9,20260806T002202,24.95012,121.35245,11,1,8,1,2026-08-06T04:47:25+08:00
新北市,New Taipei City,YouBike2.0_礫間停車場,鶯歌區,礫間停車場,YouBike2.0_Lijian Parking,Yingge Dist,Lijian Parking,500234028,20,14,20260805T234602,24.9518,121.35445,6,1,14,0,2026-08-06T04:47:25+08:00
新北市,New Taipei City,YouBike2.0_北鶯停車場,鶯歌區,北鶯停車場,YouBike2.0_Beiying Parking,Yingge Dist,Beiying Parking,500234029,20,3,20260805T211204,24.95567,121.35992,17,1,3,0,2026-08-06T04:47:25+08:00
新北市,New Taipei City,YouBike2.0_育英建國路口,鶯歌區,建國路280號(旁),YouBike2.0_Yuying Jianguo Rd. Intersection,Yingge Dist,"No. 280, Jianguo Rd.",500234030,12,5,20260805T231703,24.95356,121.34693,7,1,4,1,2026-08-06T04:47:25+08:00
新北市,New Taipei City,YouBike2.0_中正一仁愛路口,鶯歌區,中正一路181號(對面),YouBike2.0_Zhongzheng 1st & Ren'ai Rd Intersection,Yingge Dist,"No. 181, Zhongzheng 1st Rd.(Opposite)",500234031,15,5,20260805T223504,24.95672,121.3532,10,1,5,0,2026-08-06T04:47:25+08:00
新北市,New Taipei City,YouBike2.0_建國國小,鶯歌區,育英街19號(旁),YouBike2.0_Jianguo Elementary School,Yingge Dist,"No. 19, Yuying St.",500234032,15,9,20260806T015003,24.95521,121.34727,6,1,9,0,2026-08-06T04:47:25+08:00
新北市,New Taipei City,YouBike2.0_光明橋,鶯歌區,永明街78號(旁),YouBike2.0_Guang-ming bridge,Yingge Dist,"No. 78, Yongming St., Yingge Dist.(side)",500234033,14,10,20260806T043502,24.95577,121.34128,4,1,9,1,2026-08-06T04:47:25+08:00
新北市,New Taipei City,YouBike2.0_二橋派出所,鶯歌區,高職西街/中正三路口(西北側),YouBike2.0_Erqiao Police Station,Yingge Dist,"Gaozhi W. St. & Zhongzheng 3rd Rd., Yingge Dist. (west side)",500234034,11,8,20260806T004103,24.94216,121.33884,2,1,7,1,2026-08-06T04:47:25+08:00
新北市,New Taipei City,YouBike2.0_國中高職東街口,鶯歌區,國中路113至117-3號(對面),YouBike2.0_Guozhong & Gaozhi E. Intersection,Yingge Dist,"No. 113, Guozhong St., Yingge Dist.(opposite)",500234035,15,3,20260805T231204,24.94117,121.34116,12,1,1,2,2026-08-06T04:47:25+08:00
新北市,New Taipei City,YouBike2.0_尖山路高厝巷口,鶯歌區,尖山路276-5號(旁),YouBike2.0_Gaocuo Ln. Jianshan Rd.,Yingge Dist,"No. 276-5, Jianshan Rd. (Side)",500234036,15,6,20260806T015404,24.94495,121.34102,9,1,6,0,2026-08-06T04:47:25+08:00
新北市,New Taipei City,YouBike2.0_公八停車場,鶯歌區,國華路53號(對面),YouBike2.0_Public 8th Parking Lot,Yingge Dist,"No.53, Guohua Rd. (opposite)",500234037,15,12,20260806T000503,24.95515,121.34285,3,1,11,1,2026-08-06T04:47:25+08:00
新北市,New Taipei City,YouBike2.0_龍三鳳鳴路口,鶯歌區,鳳鳴路541號,YouBike2.0_Long 3rd. Rd. & Fengming Rd. Intersection,Yingge Dist,"No. 541, Fengming Rd.",500234038,18,7,20260806T021904,24.97286,121.33137,11,1,6,1,2026-08-06T04:47:25+08:00
新北市,New Taipei City,YouBike2.0_鳳福鳳三路口,鶯歌區,鳳三路360號,YouBike2.0_Fengfu Rd. & Feng 3rd. Rd. Intersection,Yingge Dist,"No. 360, Feng 3rd Rd.",500234039,22,8,20260806T030703,24.97567,121.33143,14,1,8,0,2026-08-06T04:47:25+08:00
新北市,New Taipei City,YouBike2.0_北鶯公園,鶯歌區,成功街20巷19號(旁),YouBike2.0_Beiying Park,Yingge Dist,"No. 19, Ln. 20, Chenggong St. (Side)",500234040,15,9,20260806T021704,24.95777,121.35942,6,1,9,0,2026-08-06T04:47:25+08:00
新北市,New Taipei City,YouBike2.0_鶯歌火車站(文化路),鶯歌區,文化路/文化路115巷(北側),YouBike2.0_Yingge Station (Wenhua Rd.),Yingge Dist,"Ln. 115, Wenhua Rd. Intersection (North)",500234041,25,12,20260806T005503,24.95536,121.35697,13,1,12,0,2026-08-06T04:47:25+08:00
新北市,New Taipei City,YouBike2.0_鳳七鶯歌路口,鶯歌區,鶯歌路101-107號(旁),YouBike2.0_Feng 7th Rd. & Yingge Rd. Intersection,Yingge Dist,"No. 101-107, Yingge Rd. (Side)",500234042,11,7,20260806T042103,24.96916,121.33193,4,1,7,0,2026-08-06T04:47:25+08:00
新北市,New Taipei City,YouBike2.0_國際一路112巷口,鶯歌區,國際一路167號(前),"YouBike2.0_Ln. 112, GuoJi 1st Rd.",Yingge Dist,"No. 167, GuoJi 1st Rd. (Front)",500234043,15,5,20260806T005802,24.97667,121.33579,10,1,3,2,2026-08-06T04:47:25+08:00
新北市,New Taipei City,YouBike2.0_臺鐵鳳鳴站,鶯歌區,鳳一路/鶯歌路口,YouBike2.0_Fengming Station,Yingge Dist,Feng 1st Rd. & YingGe Rd.,500234044,40,0,20260710T070303,24.97227,121.33674,0,0,0,0,2026-08-06T04:47:25+08:00
新北市,New Taipei City,YouBike2.0_鶯歌陶瓷老街,鶯歌區,重慶街/國慶街(西南側),YouBike2.0_YingGe Old Street,Yingge Dist,ChongQing St. & GuoQing St. (Southwest),500234045,33,23,20260806T002802,24.95219,121.351,10,1,23,0,2026-08-06T04:47:25+08:00
新北市,New Taipei City,YouBike2.0_鶯歌火車站(仁愛路62號),鶯歌區,仁愛路62號(東側),"YouBike2.0_YingGe Station (No. 62, RenAi Rd.)",Yingge Dist,"No. 62, RenAi Rd. (East)",500234046,42,5,20260806T000304,24.95505,121.35407,37,1,5,0,2026-08-06T04:47:25+08:00
新北市,New Taipei City,YouBike2.0_臺鐵鳳鳴站(鶯歌路),鶯歌區,鶯歌路276號(對面),YouBike2.0_Fengming Station (YingGe Rd.),Yingge Dist,"No. 276, YingGe Rd. (Opposite)",500234047,20,3,20260806T043803,24.97189,121.33651,16,1,3,0,2026-08-06T04:47:25+08:00
新北市,New Taipei City,YouBike2.0_光明育智路口,鶯歌區,光明街126號(東南側),YouBike2.0_GuangMing St. & YuZhi Rd. Intersection,Yingge Dist,"No. 126, GuangMing St. (Southeast)",500234048,14,9,20260806T002216,24.95587,121.3456,4,1,8,1,2026-08-06T04:47:25+08:00
新北市,New Taipei City,YouBike2.0_新鳳公園,鶯歌區,鶯桃路二段60號(對側),YouBike2.0_XinFeng Park,Yingge Dist,"No. 60, Sec. 2, YingTao Rd. (Opposite)",500234049,14,12,20260806T013704,24.9732,121.32474,2,1,12,0,2026-08-06T04:47:25+08:00
新北市,New Taipei City,YouBike2.0_鳳鳴機器人公園,鶯歌區,鳳鳴路/福安街7巷24弄口,YouBike2.0_FengMing Robot Park,Yingge Dist,"FengMing Rd. & Aly. 24, Ln. 7, FuAn St.",500234050,17,7,20260806T044403,24.96618,121.33465,10,1,4,3,2026-08-06T04:47:25+08:00
新北市,New Taipei City,YouBike2.0_龍五鳳七路口,鶯歌區,龍五路/鳳七路口,YouBike2.0_Long 5th Rd. & Feng 7th Rd. Intersection,Yingge Dist,Long 5th Rd. & Feng 7th Rd. Intersection,500234051,30,10,20260806T002703,24.97043,121.33101,19,1,9,1,2026-08-06T04:47:25+08:00
新北市,New Taipei City,YouBike2.0_龍鳳夜市,鶯歌區,鳳三路/龍三路(東南側),YouBike2.0_LongFeng Night Market,Yingge Dist,Feng 3rd Rd. & Long 3rd Rd. (Southeast),500234052,30,4,20260806T035203,24.97329,121.33331,26,1,4,0,2026-08-06T04:47:25+08:00
新北市,New Taipei City,YouBike2.0_中湖市民活動中心,鶯歌區,中湖街21號,YouBike2.0_Zhonghu Civic Activity Center,Yingge Dist,"No. 21, ZhongHu St.",500234053,20,11,20260805T165503,24.97298,121.3472,9,1,8,3,2026-08-06T04:47:25+08:00
新北市,New Taipei City,YouBike2.0_鳳一鳳吉一街口,鶯歌區,鳳吉一街259號(旁),YouBike2.0_Feng 1st Rd. & FengJi 1st St. Intersection,Yingge Dist,"No. 259, FengJi 1st St. (Side)",500234054,20,4,20260806T022302,24.97677,121.3317,16,1,4,0,2026-08-06T04:47:25+08:00
新北市,New Taipei City,YouBike2.0_鳳五路122號前,鶯歌區,鳳五路122號前,"YouBike2.0_No. 122, Feng 5th Rd.",Yingge Dist,"No. 122, Feng 5th Rd. (Front)",500234055,18,4,20260805T231102,24.97316,121.32991,13,1,3,1,2026-08-06T04:47:25+08:00
新北市,New Taipei City,YouBike2.0_建國永昌街口,鶯歌區,建國路546號(對面),YouBike2.0_JianGuo Rd. & YongChang St. Intersection,Yingge Dist,"No. 546, JianGuo Rd. (Opposite)",500234056,17,3,20260806T011903,24.95031,121.33831,13,1,2,1,2026-08-06T04:47:25+08:00
新北市,New Taipei City,YouBike2.0_捷運鶯歌車站,鶯歌區,館前路300號(對側),YouBike2.0_MRT Yingge Sta.,Yingge Dist,"No. 300, GuanQian Rd. (Opposite)",500234057,34,13,20260806T014203,24.95322,121.35668,20,1,13,0,2026-08-06T04:47:25+08:00
新北市,New Taipei City,YouBike2.0_鳳三龍七路口,鶯歌區,鳳三路68號,YouBike2.0_Feng 3rd Rd. & Long 7th Rd. Intersection,Yingge Dist,"No. 68, Feng 3rd Rd.",500234058,18,5,20260806T004023,24.97204,121.33467,13,1,5,0,2026-08-06T04:47:25+08:00
新北市,New Taipei City,YouBike2.0_捷運國華站,鶯歌區,國華路45號(對側),YouBike2.0_MRT Guohua Sta.,Yingge Dist,"No. 45, GuoHua Rd. (Opposite)",500234059,24,11,20260805T221404,24.95535,121.34251,13,1,11,0,2026-08-06T04:47:25+08:00
新北市,New Taipei City,YouBike2.0_捷運陶瓷老街站,鶯歌區,捷運陶瓷老街站(重慶街側),YouBike2.0_MRT Ceramics Old Street Sta.,Yingge Dist,MRT Ceramics Old Street Sta. (ChongQing St.),500234060,36,11,20260805T232203,24.95212,121.35065,24,1,11,0,2026-08-06T04:47:25+08:00
新北市,New Taipei City,YouBike2.0_捷運永吉公園站,鶯歌區,鶯桃路296巷口,YouBike2.0_MRT Yongji Park Sta.,Yingge Dist,"Ln. 296, YingTao Rd. Intersection",500234061,47,7,20260806T041103,24.96048,121.33476,39,1,5,2,2026-08-06T04:47:25+08:00
新北市,New Taipei City,YouBike2.0_捷運鶯桃福德站,鶯歌區,福德一路20號(對側),YouBike2.0_MRT Yingtao Fude Sta.,Yingge Dist,"No. 20, FuDe 1st Rd. (Opposite)",500234062,75,11,20260806T035902,24.96704,121.33044,64,1,11,0,2026-08-06T04:47:25+08:00
新北市,New Taipei City,YouBike2.0_捷運國華站(2號出口),鶯歌區,國華路97號(對側),YouBike2.0_MRT Guohua Sta.(Exit 2),Yingge Dist,"No. 97, GuoHua Rd. (Opposite)",500234063,60,3,20260806T003402,24.95374,121.34301,57,1,2,1,2026-08-06T04:47:25+08:00
新北市,New Taipei City,YouBike2.0_鶯歌山水步道停車場,鶯歌區,觀景涼亭停車場,YouBike2.0_YingGe Riverside Trail Car Park,Yingge Dist,YingGe Riverside Trail Car Park,500234064,24,11,20260805T205703,24.93205,121.32825,13,1,8,3,2026-08-06T04:47:25+08:00
新北市,New Taipei City,YouBike2.0_鶯歌火車站(仁愛路),鶯歌區,仁愛路55號對側,YouBike2.0_Yingge Railway Station(Ren’ai Rd.),Yingge Dist,"No.55, Ren’ai Rd., Yingge Dist.(opposite)",500234001,69,18,20260806T060003,24.95559,121.35441,50,1,18,0,2026-08-06T06:06:20+08:00
新北市,New Taipei City,YouBike2.0_新北市立圖書館鶯歌分館,鶯歌區,中山路150號,YouBike2.0_New Taipei City Library Yingge Branch,Yingge Dist,"No.150, Zhongshan Rd.",500234002,20,3,20260806T055303,24.9572,121.34946,17,1,2,1,2026-08-06T06:06:20+08:00
新北市,New Taipei City,YouBike2.0_文化館前路口,鶯歌區,文化路407號旁,YouBike2.0_Yingge Ceramics Museum,Yingge Dist,"No. 407, Wenhua Rd.",500234003,44,16,20260806T053802,24.94948,121.35291,28,1,15,1,2026-08-06T06:06:20+08:00
新北市,New Taipei City,YouBike2.0_鶯歌國民運動中心,鶯歌區,館前路250號運動中心前,YouBike2.0_Yingge Civil Sports Center,Yingge Dist,"No.250, Guanqian Rd., Yingge Dist.",500234004,38,18,20260806T055702,24.95139,121.35733,19,1,18,0,2026-08-06T06:06:20+08:00
新北市,New Taipei City,YouBike2.0_尖山國中,鶯歌區,國中街1號,YouBike2.0_Municipal Jianshan Junior High School,Yingge Dist,"No.1, Guozhong St., Yingge Dist(sidewalk)",500234005,20,8,20260805T223004,24.94381,121.34207,12,1,5,3,2026-08-06T06:06:20+08:00
新北市,New Taipei City,YouBike2.0_新北市立鶯歌高級工商職業學校,鶯歌區,中正三路154號,YouBike2.0_New Taipei Municipal Yingge Vocational High School,Yingge Dist,"No. 154, Zhongzheng 3rd. Rd",500234006,56,2,20260806T055404,24.93923,121.33488,54,1,2,0,2026-08-06T06:06:20+08:00
新北市,New Taipei City,YouBike2.0_鶯歌國中,鶯歌區,鶯桃路39-5號對側,YouBike2.0_Yingge Junior High chool,Yingge Dist,"No.39-5, Yingtao Rd.(opposite)",500234007,30,0,20260806T043117,24.95119,121.34256,30,1,0,0,2026-08-06T06:06:20+08:00
新北市,New Taipei City,YouBike2.0_永吉國小,鶯歌區,德昌二街39號對側,YouBike2.0_Yongchi elementary school,Yingge Dist,"No.39, Dechang 2nd St., Yingge Dist.",500234008,20,0,20260806T054316,24.95865,121.33308,20,1,0,0,2026-08-06T06:06:20+08:00
新北市,New Taipei City,YouBike2.0_鳳祥公園,鶯歌區,鶯桃路365巷130號對側,YouBike2.0_Fengxiang Park,Yingge Dist,"No.130, Ln. 365, Yingtao Rd., Yingge Dist.",500234009,20,8,20260806T050802,24.96283,121.33025,12,1,7,1,2026-08-06T06:06:20+08:00
新北市,New Taipei City,YouBike2.0_鳳鳴國小,鶯歌區,永和街120號,YouBike2.0_Fengming Elementary School,Yingge Dist,"No.120, Yonghe St., Yingge Dist.",500234010,20,0,20260806T055820,24.9692,121.3347,20,1,0,0,2026-08-06T06:06:20+08:00
新北市,New Taipei City,YouBike2.0_國際二國際一路口,鶯歌區,國際二路與國際一路口,YouBike2.0_Guoji 2nd Guoji 1st Intersection,Yingge Dist,"Guoji 2nd Rd./Guoji 1st Rd., Yingge Dist.",500234011,20,7,20260806T050302,24.97577,121.3353,13,1,6,1,2026-08-06T06:06:20+08:00
新北市,New Taipei City,YouBike2.0_鳳福公園,鶯歌區,鳳吉一街186號(對面),YouBike2.0_Fengfu Park,Yingge Dist,"No. 186, Fengji 1st St., Yingge Dist.(opposite)",500234012,20,10,20260806T054003,24.97572,121.32938,10,1,8,2,2026-08-06T06:06:20+08:00
新北市,New Taipei City,YouBike2.0_尖山公園,鶯歌區,鶯歌區尖山路161號對面,YouBike2.0_Jianshan Park,Yingge Dist,"No.161, Jianshan Rd.(opposite)",500234013,29,11,20260806T052403,24.9482,121.346,15,1,10,1,2026-08-06T06:06:20+08:00
新北市,New Taipei City,YouBike2.0_永昌里兒一公園,鶯歌區,鶯桃路182巷96弄36-38號對側,YouBike2.0_Yongchang Village Children Park (No.1),Yingge Dist,"No.36-38, Aly. 96, Ln. 182, Yingtao Rd.(oppsite)",500234014,20,7,20260806T053403,24.956649374562204,121.33959628800724,13,0,7,0,2026-08-06T06:06:20+08:00
新北市,New Taipei City,YouBike2.0_南雅育智路口,鶯歌區,南雅路491號(對面),YouBike2.0_Nanya & Yuzhi Rd. Intersection,Yingge Dist,"No.491, Nanya Rd., Yingge Dist.(opposite)",500234015,22,15,20260806T054902,24.954,121.346,6,1,15,0,2026-08-06T06:06:20+08:00
新北市,New Taipei City,YouBike2.0_國中二甲路口,鶯歌區,國中街175號(前),YouBike2.0_Guozhong & Erjia Intersection,Yingge Dist,"No. 175, Guozhong St., Yingge Dist.",500234016,20,10,20260806T055904,24.939489067109363,121.33868650698288,10,1,10,0,2026-08-06T06:06:20+08:00
新北市,New Taipei City,YouBike2.0_鶯歌永利街,鶯歌區,永利街16號(對面),YouBike2.0_Yingge Yongli St.,Yingge Dist,"No. 16, Yongli St. Yingge Dist.",500234017,15,9,20260805T233803,24.95495,121.33911,5,1,8,1,2026-08-06T06:06:20+08:00
新北市,New Taipei City,YouBike2.0_二橋虹橋公園,鶯歌區,中正三路400號(對面),YouBike2.0_Erqiaoshiguanghongqiao Park,Yingge Dist,"No. 400, Zhongzheng 3rd Rd.(Opposite)",500234018,10,4,20260805T225302,24.93453,121.32595,6,1,4,0,2026-08-06T06:06:20+08:00
新北市,New Taipei City,YouBike2.0_鳳吉四鳳七路口(捷士匯社區),鶯歌區,鳳吉四街57-75號(旁),YouBike2.0_Fengji 4th & Feng 7th Rd. Intersection,Yingge Dist,"No. 57-75, Fengji 4th St.",500234021,40,15,20260806T055504,24.97383,121.32769,25,1,12,3,2026-08-06T06:06:20+08:00
新北市,New Taipei City,YouBike2.0_鶯歌老街第二停車場,鶯歌區,尖山埔路27-31號(對面),YouBike2.0_Yingge Old Street 2nd Parking Lot,Yingge Dist,"No. 27-31, Jianshanpu Rd.(Opposite)",500234022,20,14,20260806T055504,24.94895,121.34227,6,1,14,0,2026-08-06T06:06:20+08:00
新北市,New Taipei City,YouBike2.0_建國中正一路口(北鶯社區),鶯歌區,建國路6號(對面空地),YouBike2.0_Jianguo Zhongzheng 1st Rd. Intersection,Yingge Dist,"No. 6, Jianguo Rd.(Opposite)",500234023,20,1,20260806T044503,24.95658,121.35692,19,1,1,0,2026-08-06T06:06:20+08:00
新北市,New Taipei City,YouBike2.0_三鶯水資源回收中心,鶯歌區,館前路360號(旁),YouBike2.0_Sanying Water Recycling Center,Yingge Dist,"No. 360, Guanqian Rd.",500234024,14,1,20260806T052903,24.95535,121.35996,13,1,1,0,2026-08-06T06:06:20+08:00
新北市,New Taipei City,YouBike2.0_永和街65巷口,鶯歌區,永和街75號,"YouBike2.0_Ln. 65, Yonghe St. Intersection",Yingge Dist,"No. 75, Yonghe St.",500234025,37,10,20260806T053903,24.96798,121.3331413,26,1,8,2,2026-08-06T06:06:20+08:00
新北市,New Taipei City,YouBike2.0_鶯歌陶瓷博物館,鶯歌區,文化路200號(旁),YouBike2.0_Yingge Ceramics Museum(Wenhua Rd.),Yingge Dist,"No. 200, Wenhua Rd.",500234026,22,8,20260806T054003,24.95012,121.35245,12,1,8,0,2026-08-06T06:06:20+08:00
新北市,New Taipei City,YouBike2.0_礫間停車場,鶯歌區,礫間停車場,YouBike2.0_Lijian Parking,Yingge Dist,Lijian Parking,500234028,20,14,20260805T234602,24.9518,121.35445,6,1,14,0,2026-08-06T06:06:20+08:00
新北市,New Taipei City,YouBike2.0_北鶯停車場,鶯歌區,北鶯停車場,YouBike2.0_Beiying Parking,Yingge Dist,Beiying Parking,500234029,20,3,20260805T211204,24.95567,121.35992,17,1,3,0,2026-08-06T06:06:20+08:00
新北市,New Taipei City,YouBike2.0_育英建國路口,鶯歌區,建國路280號(旁),YouBike2.0_Yuying Jianguo Rd. Intersection,Yingge Dist,"No. 280, Jianguo Rd.",500234030,12,2,20260806T060404,24.95356,121.34693,10,1,2,0,2026-08-06T06:06:20+08:00
新北市,New Taipei City,YouBike2.0_中正一仁愛路口,鶯歌區,中正一路181號(對面),YouBike2.0_Zhongzheng 1st & Ren'ai Rd Intersection,Yingge Dist,"No. 181, Zhongzheng 1st Rd.(Opposite)",500234031,15,4,20260806T055702,24.95672,121.3532,11,1,4,0,2026-08-06T06:06:20+08:00
新北市,New Taipei City,YouBike2.0_建國國小,鶯歌區,育英街19號(旁),YouBike2.0_Jianguo Elementary School,Yingge Dist,"No. 19, Yuying St.",500234032,15,7,20260806T060203,24.95521,121.34727,8,1,6,1,2026-08-06T06:06:20+08:00
新北市,New Taipei City,YouBike2.0_光明橋,鶯歌區,永明街78號(旁),YouBike2.0_Guang-ming bridge,Yingge Dist,"No. 78, Yongming St., Yingge Dist.(side)",500234033,14,10,20260806T043502,24.95577,121.34128,4,1,9,1,2026-08-06T06:06:20+08:00
新北市,New Taipei City,YouBike2.0_二橋派出所,鶯歌區,高職西街/中正三路口(西北側),YouBike2.0_Erqiao Police Station,Yingge Dist,"Gaozhi W. St. & Zhongzheng 3rd Rd., Yingge Dist. (west side)",500234034,11,7,20260806T044803,24.94216,121.33884,3,1,6,1,2026-08-06T06:06:20+08:00
新北市,New Taipei City,YouBike2.0_國中高職東街口,鶯歌區,國中路113至117-3號(對面),YouBike2.0_Guozhong & Gaozhi E. Intersection,Yingge Dist,"No. 113, Guozhong St., Yingge Dist.(opposite)",500234035,15,2,20260806T051303,24.94117,121.34116,13,1,0,2,2026-08-06T06:06:20+08:00
新北市,New Taipei City,YouBike2.0_尖山路高厝巷口,鶯歌區,尖山路276-5號(旁),YouBike2.0_Gaocuo Ln. Jianshan Rd.,Yingge Dist,"No. 276-5, Jianshan Rd. (Side)",500234036,15,5,20260806T051602,24.94495,121.34102,10,1,5,0,2026-08-06T06:06:20+08:00
新北市,New Taipei City,YouBike2.0_公八停車場,鶯歌區,國華路53號(對面),YouBike2.0_Public 8th Parking Lot,Yingge Dist,"No.53, Guohua Rd. (opposite)",500234037,15,12,20260806T055203,24.95515,121.34285,3,1,11,1,2026-08-06T06:06:20+08:00
新北市,New Taipei City,YouBike2.0_龍三鳳鳴路口,鶯歌區,鳳鳴路541號,YouBike2.0_Long 3rd. Rd. & Fengming Rd. Intersection,Yingge Dist,"No. 541, Fengming Rd.",500234038,18,5,20260806T053403,24.97286,121.33137,13,1,4,1,2026-08-06T06:06:20+08:00
新北市,New Taipei City,YouBike2.0_鳳福鳳三路口,鶯歌區,鳳三路360號,YouBike2.0_Fengfu Rd. & Feng 3rd. Rd. Intersection,Yingge Dist,"No. 360, Feng 3rd Rd.",500234039,22,6,20260806T054602,24.97567,121.33143,16,1,6,0,2026-08-06T06:06:20+08:00
新北市,New Taipei City,YouBike2.0_北鶯公園,鶯歌區,成功街20巷19號(旁),YouBike2.0_Beiying Park,Yingge Dist,"No. 19, Ln. 20, Chenggong St. (Side)",500234040,15,9,20260806T021704,24.95777,121.35942,6,1,9,0,2026-08-06T06:06:20+08:00
新北市,New Taipei City,YouBike2.0_鶯歌火車站(文化路),鶯歌區,文化路/文化路115巷(北側),YouBike2.0_Yingge Station (Wenhua Rd.),Yingge Dist,"Ln. 115, Wenhua Rd. Intersection (North)",500234041,25,11,20260806T055101,24.95536,121.35697,14,1,11,0,2026-08-06T06:06:20+08:00
新北市,New Taipei City,YouBike2.0_鳳七鶯歌路口,鶯歌區,鶯歌路101-107號(旁),YouBike2.0_Feng 7th Rd. & Yingge Rd. Intersection,Yingge Dist,"No. 101-107, Yingge Rd. (Side)",500234042,11,5,20260806T055601,24.96916,121.33193,6,1,5,0,2026-08-06T06:06:20+08:00
新北市,New Taipei City,YouBike2.0_國際一路112巷口,鶯歌區,國際一路167號(前),"YouBike2.0_Ln. 112, GuoJi 1st Rd.",Yingge Dist,"No. 167, GuoJi 1st Rd. (Front)",500234043,15,4,20260806T050904,24.97667,121.33579,11,1,2,2,2026-08-06T06:06:20+08:00
新北市,New Taipei City,YouBike2.0_臺鐵鳳鳴站,鶯歌區,鳳一路/鶯歌路口,YouBike2.0_Fengming Station,Yingge Dist,Feng 1st Rd. & YingGe Rd.,500234044,40,0,20260710T070303,24.97227,121.33674,0,0,0,0,2026-08-06T06:06:20+08:00
新北市,New Taipei City,YouBike2.0_鶯歌陶瓷老街,鶯歌區,重慶街/國慶街(西南側),YouBike2.0_YingGe Old Street,Yingge Dist,ChongQing St. & GuoQing St. (Southwest),500234045,33,25,20260806T052204,24.95219,121.351,8,1,24,1,2026-08-06T06:06:20+08:00
新北市,New Taipei City,YouBike2.0_鶯歌火車站(仁愛路62號),鶯歌區,仁愛路62號(東側),"YouBike2.0_YingGe Station (No. 62, RenAi Rd.)",Yingge Dist,"No. 62, RenAi Rd. (East)",500234046,42,9,20260806T055504,24.95505,121.35407,33,1,9,0,2026-08-06T06:06:20+08:00
新北市,New Taipei City,YouBike2.0_臺鐵鳳鳴站(鶯歌路),鶯歌區,鶯歌路276號(對面),YouBike2.0_Fengming Station (YingGe Rd.),Yingge Dist,"No. 276, YingGe Rd. (Opposite)",500234047,20,0,20260806T060404,24.97189,121.33651,19,1,0,0,2026-08-06T06:06:20+08:00
新北市,New Taipei City,YouBike2.0_光明育智路口,鶯歌區,光明街126號(東南側),YouBike2.0_GuangMing St. & YuZhi Rd. Intersection,Yingge Dist,"No. 126, GuangMing St. (Southeast)",500234048,14,7,20260806T053403,24.95587,121.3456,6,1,7,0,2026-08-06T06:06:20+08:00
新北市,New Taipei City,YouBike2.0_新鳳公園,鶯歌區,鶯桃路二段60號(對側),YouBike2.0_XinFeng Park,Yingge Dist,"No. 60, Sec. 2, YingTao Rd. (Opposite)",500234049,14,8,20260806T054703,24.9732,121.32474,6,1,8,0,2026-08-06T06:06:20+08:00
新北市,New Taipei City,YouBike2.0_鳳鳴機器人公園,鶯歌區,鳳鳴路/福安街7巷24弄口,YouBike2.0_FengMing Robot Park,Yingge Dist,"FengMing Rd. & Aly. 24, Ln. 7, FuAn St.",500234050,17,8,20260806T052505,24.96618,121.33465,9,1,4,4,2026-08-06T06:06:20+08:00
新北市,New Taipei City,YouBike2.0_龍五鳳七路口,鶯歌區,龍五路/鳳七路口,YouBike2.0_Long 5th Rd. & Feng 7th Rd. Intersection,Yingge Dist,Long 5th Rd. & Feng 7th Rd. Intersection,500234051,30,9,20260806T060404,24.97043,121.33101,21,1,8,1,2026-08-06T06:06:20+08:00
新北市,New Taipei City,YouBike2.0_龍鳳夜市,鶯歌區,鳳三路/龍三路(東南側),YouBike2.0_LongFeng Night Market,Yingge Dist,Feng 3rd Rd. & Long 3rd Rd. (Southeast),500234052,30,4,20260806T035203,24.97329,121.33331,26,1,4,0,2026-08-06T06:06:20+08:00
新北市,New Taipei City,YouBike2.0_中湖市民活動中心,鶯歌區,中湖街21號,YouBike2.0_Zhonghu Civic Activity Center,Yingge Dist,"No. 21, ZhongHu St.",500234053,20,11,20260805T165503,24.97298,121.3472,9,1,8,3,2026-08-06T06:06:20+08:00
新北市,New Taipei City,YouBike2.0_鳳一鳳吉一街口,鶯歌區,鳳吉一街259號(旁),YouBike2.0_Feng 1st Rd. & FengJi 1st St. Intersection,Yingge Dist,"No. 259, FengJi 1st St. (Side)",500234054,20,5,20260806T055904,24.97677,121.3317,15,1,5,0,2026-08-06T06:06:20+08:00
新北市,New Taipei City,YouBike2.0_鳳五路122號前,鶯歌區,鳳五路122號前,"YouBike2.0_No. 122, Feng 5th Rd.",Yingge Dist,"No. 122, Feng 5th Rd. (Front)",500234055,18,3,20260806T060102,24.97316,121.32991,14,1,2,1,2026-08-06T06:06:20+08:00
新北市,New Taipei City,YouBike2.0_建國永昌街口,鶯歌區,建國路546號(對面),YouBike2.0_JianGuo Rd. & YongChang St. Intersection,Yingge Dist,"No. 546, JianGuo Rd. (Opposite)",500234056,17,4,20260806T060404,24.95031,121.33831,12,1,2,2,2026-08-06T06:06:20+08:00
新北市,New Taipei City,YouBike2.0_捷運鶯歌車站,鶯歌區,館前路300號(對側),YouBike2.0_MRT Yingge Sta.,Yingge Dist,"No. 300, GuanQian Rd. (Opposite)",500234057,34,13,20260806T014203,24.95322,121.35668,20,1,13,0,2026-08-06T06:06:20+08:00
新北市,New Taipei City,YouBike2.0_鳳三龍七路口,鶯歌區,鳳三路68號,YouBike2.0_Feng 3rd Rd. & Long 7th Rd. Intersection,Yingge Dist,"No. 68, Feng 3rd Rd.",500234058,18,9,20260806T060404,24.97204,121.33467,9,1,9,0,2026-08-06T06:06:20+08:00
新北市,New Taipei City,YouBike2.0_捷運國華站,鶯歌區,國華路45號(對側),YouBike2.0_MRT Guohua Sta.,Yingge Dist,"No. 45, GuoHua Rd. (Opposite)",500234059,24,10,20260806T060302,24.95535,121.34251,14,1,10,0,2026-08-06T06:06:20+08:00
新北市,New Taipei City,YouBike2.0_捷運陶瓷老街站,鶯歌區,捷運陶瓷老街站(重慶街側),YouBike2.0_MRT Ceramics Old Street Sta.,Yingge Dist,MRT Ceramics Old Street Sta. (ChongQing St.),500234060,36,10,20260806T053802,24.95212,121.35065,25,1,10,0,2026-08-06T06:06:20+08:00
新北市,New Taipei City,YouBike2.0_捷運永吉公園站,鶯歌區,鶯桃路296巷口,YouBike2.0_MRT Yongji Park Sta.,Yingge Dist,"Ln. 296, YingTao Rd. Intersection",500234061,47,6,20260806T053102,24.96048,121.33476,40,1,4,2,2026-08-06T06:06:20+08:00
新北市,New Taipei City,YouBike2.0_捷運鶯桃福德站,鶯歌區,福德一路20號(對側),YouBike2.0_MRT Yingtao Fude Sta.,Yingge Dist,"No. 20, FuDe 1st Rd. (Opposite)",500234062,75,11,20260806T035902,24.96704,121.33044,64,1,11,0,2026-08-06T06:06:20+08:00
新北市,New Taipei City,YouBike2.0_捷運國華站(2號出口),鶯歌區,國華路97號(對側),YouBike2.0_MRT Guohua Sta.(Exit 2),Yingge Dist,"No. 97, GuoHua Rd. (Opposite)",500234063,60,1,20260806T054504,24.95374,121.34301,59,1,1,0,2026-08-06T06:06:20+08:00
新北市,New Taipei City,YouBike2.0_鶯歌山水步道停車場,鶯歌區,觀景涼亭停車場,YouBike2.0_YingGe Riverside Trail Car Park,Yingge Dist,YingGe Riverside Trail Car Park,500234064,24,11,20260806T055904,24.93205,121.32825,13,1,8,3,2026-08-06T06:06:20+08:00
新北市,New Taipei City,YouBike2.0_鶯歌火車站(仁愛路),鶯歌區,仁愛路55號對側,YouBike2.0_Yingge Railway Station(Ren’ai Rd.),Yingge Dist,"No.55, Ren’ai Rd., Yingge Dist.(opposite)",500234001,69,29,20260806T071202,24.95559,121.35441,39,1,28,1,2026-08-06T07:17:13+08:00
新北市,New Taipei City,YouBike2.0_新北市立圖書館鶯歌分館,鶯歌區,中山路150號,YouBike2.0_New Taipei City Library Yingge Branch,Yingge Dist,"No.150, Zhongshan Rd.",500234002,20,1,20260806T070102,24.9572,121.34946,19,1,1,0,2026-08-06T07:17:13+08:00
新北市,New Taipei City,YouBike2.0_文化館前路口,鶯歌區,文化路407號旁,YouBike2.0_Yingge Ceramics Museum,Yingge Dist,"No. 407, Wenhua Rd.",500234003,44,16,20260806T063503,24.94948,121.35291,28,1,15,1,2026-08-06T07:17:13+08:00
新北市,New Taipei City,YouBike2.0_鶯歌國民運動中心,鶯歌區,館前路250號運動中心前,YouBike2.0_Yingge Civil Sports Center,Yingge Dist,"No.250, Guanqian Rd., Yingge Dist.",500234004,38,16,20260806T071403,24.95139,121.35733,21,1,16,0,2026-08-06T07:17:13+08:00
新北市,New Taipei City,YouBike2.0_尖山國中,鶯歌區,國中街1號,YouBike2.0_Municipal Jianshan Junior High School,Yingge Dist,"No.1, Guozhong St., Yingge Dist(sidewalk)",500234005,20,5,20260806T070703,24.94381,121.34207,15,1,2,3,2026-08-06T07:17:13+08:00
新北市,New Taipei City,YouBike2.0_新北市立鶯歌高級工商職業學校,鶯歌區,中正三路154號,YouBike2.0_New Taipei Municipal Yingge Vocational High School,Yingge Dist,"No. 154, Zhongzheng 3rd. Rd",500234006,56,1,20260806T070717,24.93923,121.33488,55,1,1,0,2026-08-06T07:17:13+08:00
新北市,New Taipei City,YouBike2.0_鶯歌國中,鶯歌區,鶯桃路39-5號對側,YouBike2.0_Yingge Junior High chool,Yingge Dist,"No.39-5, Yingtao Rd.(opposite)",500234007,30,1,20260806T070920,24.95119,121.34256,29,1,1,0,2026-08-06T07:17:13+08:00
新北市,New Taipei City,YouBike2.0_永吉國小,鶯歌區,德昌二街39號對側,YouBike2.0_Yongchi elementary school,Yingge Dist,"No.39, Dechang 2nd St., Yingge Dist.",500234008,20,0,20260806T054316,24.95865,121.33308,20,1,0,0,2026-08-06T07:17:13+08:00
新北市,New Taipei City,YouBike2.0_鳳祥公園,鶯歌區,鶯桃路365巷130號對側,YouBike2.0_Fengxiang Park,Yingge Dist,"No.130, Ln. 365, Yingtao Rd., Yingge Dist.",500234009,20,9,20260806T064302,24.96283,121.33025,11,1,7,2,2026-08-06T07:17:13+08:00
新北市,New Taipei City,YouBike2.0_鳳鳴國小,鶯歌區,永和街120號,YouBike2.0_Fengming Elementary School,Yingge Dist,"No.120, Yonghe St., Yingge Dist.",500234010,20,0,20260806T063020,24.9692,121.3347,20,1,0,0,2026-08-06T07:17:13+08:00
新北市,New Taipei City,YouBike2.0_國際二國際一路口,鶯歌區,國際二路與國際一路口,YouBike2.0_Guoji 2nd Guoji 1st Intersection,Yingge Dist,"Guoji 2nd Rd./Guoji 1st Rd., Yingge Dist.",500234011,20,6,20260806T062503,24.97577,121.3353,14,1,5,1,2026-08-06T07:17:13+08:00
新北市,New Taipei City,YouBike2.0_鳳福公園,鶯歌區,鳳吉一街186號(對面),YouBike2.0_Fengfu Park,Yingge Dist,"No. 186, Fengji 1st St., Yingge Dist.(opposite)",500234012,20,7,20260806T065003,24.97572,121.32938,13,1,5,2,2026-08-06T07:17:13+08:00
新北市,New Taipei City,YouBike2.0_尖山公園,鶯歌區,鶯歌區尖山路161號對面,YouBike2.0_Jianshan Park,Yingge Dist,"No.161, Jianshan Rd.(opposite)",500234013,29,11,20260806T063702,24.9482,121.346,16,1,9,2,2026-08-06T07:17:13+08:00
新北市,New Taipei City,YouBike2.0_永昌里兒一公園,鶯歌區,鶯桃路182巷96弄36-38號對側,YouBike2.0_Yongchang Village Children Park (No.1),Yingge Dist,"No.36-38, Aly. 96, Ln. 182, Yingtao Rd.(oppsite)",500234014,20,5,20260806T064702,24.956649374562204,121.33959628800724,15,0,5,0,2026-08-06T07:17:13+08:00
新北市,New Taipei City,YouBike2.0_南雅育智路口,鶯歌區,南雅路491號(對面),YouBike2.0_Nanya & Yuzhi Rd. Intersection,Yingge Dist,"No.491, Nanya Rd., Yingge Dist.(opposite)",500234015,22,9,20260806T070603,24.954,121.346,12,1,9,0,2026-08-06T07:17:13+08:00
新北市,New Taipei City,YouBike2.0_國中二甲路口,鶯歌區,國中街175號(前),YouBike2.0_Guozhong & Erjia Intersection,Yingge Dist,"No. 175, Guozhong St., Yingge Dist.",500234016,20,12,20260806T061104,24.939489067109363,121.33868650698288,8,1,12,0,2026-08-06T07:17:13+08:00
新北市,New Taipei City,YouBike2.0_鶯歌永利街,鶯歌區,永利街16號(對面),YouBike2.0_Yingge Yongli St.,Yingge Dist,"No. 16, Yongli St. Yingge Dist.",500234017,15,8,20260806T071104,24.95495,121.33911,6,1,8,0,2026-08-06T07:17:13+08:00
新北市,New Taipei City,YouBike2.0_二橋虹橋公園,鶯歌區,中正三路400號(對面),YouBike2.0_Erqiaoshiguanghongqiao Park,Yingge Dist,"No. 400, Zhongzheng 3rd Rd.(Opposite)",500234018,10,4,20260805T225302,24.93453,121.32595,6,1,4,0,2026-08-06T07:17:13+08:00
新北市,New Taipei City,YouBike2.0_鳳吉四鳳七路口(捷士匯社區),鶯歌區,鳳吉四街57-75號(旁),YouBike2.0_Fengji 4th & Feng 7th Rd. Intersection,Yingge Dist,"No. 57-75, Fengji 4th St.",500234021,40,5,20260806T070802,24.97383,121.32769,35,1,3,2,2026-08-06T07:17:13+08:00
新北市,New Taipei City,YouBike2.0_鶯歌老街第二停車場,鶯歌區,尖山埔路27-31號(對面),YouBike2.0_Yingge Old Street 2nd Parking Lot,Yingge Dist,"No. 27-31, Jianshanpu Rd.(Opposite)",500234022,20,14,20260806T065602,24.94895,121.34227,6,1,14,0,2026-08-06T07:17:13+08:00
新北市,New Taipei City,YouBike2.0_建國中正一路口(北鶯社區),鶯歌區,建國路6號(對面空地),YouBike2.0_Jianguo Zhongzheng 1st Rd. Intersection,Yingge Dist,"No. 6, Jianguo Rd.(Opposite)",500234023,20,2,20260806T061602,24.95658,121.35692,18,1,2,0,2026-08-06T07:17:13+08:00
新北市,New Taipei City,YouBike2.0_三鶯水資源回收中心,鶯歌區,館前路360號(旁),YouBike2.0_Sanying Water Recycling Center,Yingge Dist,"No. 360, Guanqian Rd.",500234024,14,2,20260806T064504,24.95535,121.35996,12,1,2,0,2026-08-06T07:17:13+08:00
新北市,New Taipei City,YouBike2.0_永和街65巷口,鶯歌區,永和街75號,"YouBike2.0_Ln. 65, Yonghe St. Intersection",Yingge Dist,"No. 75, Yonghe St.",500234025,37,9,20260806T070004,24.96798,121.3331413,27,1,7,2,2026-08-06T07:17:13+08:00
新北市,New Taipei City,YouBike2.0_鶯歌陶瓷博物館,鶯歌區,文化路200號(旁),YouBike2.0_Yingge Ceramics Museum(Wenhua Rd.),Yingge Dist,"No. 200, Wenhua Rd.",500234026,22,14,20260806T070703,24.95012,121.35245,6,1,13,1,2026-08-06T07:17:13+08:00
新北市,New Taipei City,YouBike2.0_礫間停車場,鶯歌區,礫間停車場,YouBike2.0_Lijian Parking,Yingge Dist,Lijian Parking,500234028,20,14,20260806T065904,24.9518,121.35445,6,1,13,1,2026-08-06T07:17:13+08:00
新北市,New Taipei City,YouBike2.0_北鶯停車場,鶯歌區,北鶯停車場,YouBike2.0_Beiying Parking,Yingge Dist,Beiying Parking,500234029,20,3,20260805T211204,24.95567,121.35992,17,1,3,0,2026-08-06T07:17:13+08:00
新北市,New Taipei City,YouBike2.0_育英建國路口,鶯歌區,建國路280號(旁),YouBike2.0_Yuying Jianguo Rd. Intersection,Yingge Dist,"No. 280, Jianguo Rd.",500234030,12,3,20260806T071403,24.95356,121.34693,9,1,3,0,2026-08-06T07:17:13+08:00
新北市,New Taipei City,YouBike2.0_中正一仁愛路口,鶯歌區,中正一路181號(對面),YouBike2.0_Zhongzheng 1st & Ren'ai Rd Intersection,Yingge Dist,"No. 181, Zhongzheng 1st Rd.(Opposite)",500234031,15,5,20260806T065404,24.95672,121.3532,10,1,3,2,2026-08-06T07:17:13+08:00
新北市,New Taipei City,YouBike2.0_建國國小,鶯歌區,育英街19號(旁),YouBike2.0_Jianguo Elementary School,Yingge Dist,"No. 19, Yuying St.",500234032,15,6,20260806T063004,24.95521,121.34727,9,1,5,1,2026-08-06T07:17:13+08:00
新北市,New Taipei City,YouBike2.0_光明橋,鶯歌區,永明街78號(旁),YouBike2.0_Guang-ming bridge,Yingge Dist,"No. 78, Yongming St., Yingge Dist.(side)",500234033,14,5,20260806T070504,24.95577,121.34128,9,1,5,0,2026-08-06T07:17:13+08:00
新北市,New Taipei City,YouBike2.0_二橋派出所,鶯歌區,高職西街/中正三路口(西北側),YouBike2.0_Erqiao Police Station,Yingge Dist,"Gaozhi W. St. & Zhongzheng 3rd Rd., Yingge Dist. (west side)",500234034,11,5,20260806T071004,24.94216,121.33884,5,1,5,0,2026-08-06T07:17:13+08:00
新北市,New Taipei City,YouBike2.0_國中高職東街口,鶯歌區,國中路113至117-3號(對面),YouBike2.0_Guozhong & Gaozhi E. Intersection,Yingge Dist,"No. 113, Guozhong St., Yingge Dist.(opposite)",500234035,15,0,20260806T070920,24.94117,121.34116,15,1,0,0,2026-08-06T07:17:13+08:00
新北市,New Taipei City,YouBike2.0_尖山路高厝巷口,鶯歌區,尖山路276-5號(旁),YouBike2.0_Gaocuo Ln. Jianshan Rd.,Yingge Dist,"No. 276-5, Jianshan Rd. (Side)",500234036,15,3,20260806T065404,24.94495,121.34102,12,1,3,0,2026-08-06T07:17:13+08:00
新北市,New Taipei City,YouBike2.0_公八停車場,鶯歌區,國華路53號(對面),YouBike2.0_Public 8th Parking Lot,Yingge Dist,"No.53, Guohua Rd. (opposite)",500234037,15,11,20260806T070202,24.95515,121.34285,4,1,10,1,2026-08-06T07:17:13+08:00
新北市,New Taipei City,YouBike2.0_龍三鳳鳴路口,鶯歌區,鳳鳴路541號,YouBike2.0_Long 3rd. Rd. & Fengming Rd. Intersection,Yingge Dist,"No. 541, Fengming Rd.",500234038,18,0,20260806T065916,24.97286,121.33137,18,1,0,0,2026-08-06T07:17:13+08:00
新北市,New Taipei City,YouBike2.0_鳳福鳳三路口,鶯歌區,鳳三路360號,YouBike2.0_Fengfu Rd. & Feng 3rd. Rd. Intersection,Yingge Dist,"No. 360, Feng 3rd Rd.",500234039,22,4,20260806T065904,24.97567,121.33143,18,1,4,0,2026-08-06T07:17:13+08:00
新北市,New Taipei City,YouBike2.0_北鶯公園,鶯歌區,成功街20巷19號(旁),YouBike2.0_Beiying Park,Yingge Dist,"No. 19, Ln. 20, Chenggong St. (Side)",500234040,15,9,20260806T021704,24.95777,121.35942,6,1,9,0,2026-08-06T07:17:13+08:00
新北市,New Taipei City,YouBike2.0_鶯歌火車站(文化路),鶯歌區,文化路/文化路115巷(北側),YouBike2.0_Yingge Station (Wenhua Rd.),Yingge Dist,"Ln. 115, Wenhua Rd. Intersection (North)",500234041,25,10,20260806T070304,24.95536,121.35697,15,1,10,0,2026-08-06T07:17:13+08:00
新北市,New Taipei City,YouBike2.0_鳳七鶯歌路口,鶯歌區,鶯歌路101-107號(旁),YouBike2.0_Feng 7th Rd. & Yingge Rd. Intersection,Yingge Dist,"No. 101-107, Yingge Rd. (Side)",500234042,11,3,20260806T070004,24.96916,121.33193,8,1,3,0,2026-08-06T07:17:13+08:00
新北市,New Taipei City,YouBike2.0_國際一路112巷口,鶯歌區,國際一路167號(前),"YouBike2.0_Ln. 112, GuoJi 1st Rd.",Yingge Dist,"No. 167, GuoJi 1st Rd. (Front)",500234043,15,4,20260806T050904,24.97667,121.33579,11,1,2,2,2026-08-06T07:17:13+08:00
新北市,New Taipei City,YouBike2.0_臺鐵鳳鳴站,鶯歌區,鳳一路/鶯歌路口,YouBike2.0_Fengming Station,Yingge Dist,Feng 1st Rd. & YingGe Rd.,500234044,40,0,20260710T070303,24.97227,121.33674,0,0,0,0,2026-08-06T07:17:13+08:00
新北市,New Taipei City,YouBike2.0_鶯歌陶瓷老街,鶯歌區,重慶街/國慶街(西南側),YouBike2.0_YingGe Old Street,Yingge Dist,ChongQing St. & GuoQing St. (Southwest),500234045,33,22,20260806T071403,24.95219,121.351,11,1,22,0,2026-08-06T07:17:13+08:00
新北市,New Taipei City,YouBike2.0_鶯歌火車站(仁愛路62號),鶯歌區,仁愛路62號(東側),"YouBike2.0_YingGe Station (No. 62, RenAi Rd.)",Yingge Dist,"No. 62, RenAi Rd. (East)",500234046,42,9,20260806T071104,24.95505,121.35407,33,1,7,2,2026-08-06T07:17:13+08:00
新北市,New Taipei City,YouBike2.0_臺鐵鳳鳴站(鶯歌路),鶯歌區,鶯歌路276號(對面),YouBike2.0_Fengming Station (YingGe Rd.),Yingge Dist,"No. 276, YingGe Rd. (Opposite)",500234047,20,3,20260806T071403,24.97189,121.33651,12,1,1,2,2026-08-06T07:17:13+08:00
新北市,New Taipei City,YouBike2.0_光明育智路口,鶯歌區,光明街126號(東南側),YouBike2.0_GuangMing St. & YuZhi Rd. Intersection,Yingge Dist,"No. 126, GuangMing St. (Southeast)",500234048,14,6,20260806T071403,24.95587,121.3456,7,1,6,0,2026-08-06T07:17:13+08:00
新北市,New Taipei City,YouBike2.0_新鳳公園,鶯歌區,鶯桃路二段60號(對側),YouBike2.0_XinFeng Park,Yingge Dist,"No. 60, Sec. 2, YingTao Rd. (Opposite)",500234049,14,1,20260806T070304,24.9732,121.32474,13,1,0,1,2026-08-06T07:17:13+08:00
新北市,New Taipei City,YouBike2.0_鳳鳴機器人公園,鶯歌區,鳳鳴路/福安街7巷24弄口,YouBike2.0_FengMing Robot Park,Yingge Dist,"FengMing Rd. & Aly. 24, Ln. 7, FuAn St.",500234050,17,3,20260806T070004,24.96618,121.33465,14,1,1,2,2026-08-06T07:17:13+08:00
新北市,New Taipei City,YouBike2.0_龍五鳳七路口,鶯歌區,龍五路/鳳七路口,YouBike2.0_Long 5th Rd. & Feng 7th Rd. Intersection,Yingge Dist,Long 5th Rd. & Feng 7th Rd. Intersection,500234051,30,2,20260806T071403,24.97043,121.33101,28,1,1,1,2026-08-06T07:17:13+08:00
新北市,New Taipei City,YouBike2.0_龍鳳夜市,鶯歌區,鳳三路/龍三路(東南側),YouBike2.0_LongFeng Night Market,Yingge Dist,Feng 3rd Rd. & Long 3rd Rd. (Southeast),500234052,30,4,20260806T070202,24.97329,121.33331,26,1,4,0,2026-08-06T07:17:13+08:00
新北市,New Taipei City,YouBike2.0_中湖市民活動中心,鶯歌區,中湖街21號,YouBike2.0_Zhonghu Civic Activity Center,Yingge Dist,"No. 21, ZhongHu St.",500234053,20,9,20260806T065904,24.97298,121.3472,11,1,7,2,2026-08-06T07:17:13+08:00
新北市,New Taipei City,YouBike2.0_鳳一鳳吉一街口,鶯歌區,鳳吉一街259號(旁),YouBike2.0_Feng 1st Rd. & FengJi 1st St. Intersection,Yingge Dist,"No. 259, FengJi 1st St. (Side)",500234054,20,4,20260806T062202,24.97677,121.3317,16,1,4,0,2026-08-06T07:17:13+08:00
新北市,New Taipei City,YouBike2.0_鳳五路122號前,鶯歌區,鳳五路122號前,"YouBike2.0_No. 122, Feng 5th Rd.",Yingge Dist,"No. 122, Feng 5th Rd. (Front)",500234055,18,0,20260806T070819,24.97316,121.32991,17,1,0,0,2026-08-06T07:17:13+08:00
新北市,New Taipei City,YouBike2.0_建國永昌街口,鶯歌區,建國路546號(對面),YouBike2.0_JianGuo Rd. & YongChang St. Intersection,Yingge Dist,"No. 546, JianGuo Rd. (Opposite)",500234056,17,5,20260806T070102,24.95031,121.33831,11,1,3,2,2026-08-06T07:17:13+08:00
新北市,New Taipei City,YouBike2.0_捷運鶯歌車站,鶯歌區,館前路300號(對側),YouBike2.0_MRT Yingge Sta.,Yingge Dist,"No. 300, GuanQian Rd. (Opposite)",500234057,34,15,20260806T064203,24.95322,121.35668,18,1,15,0,2026-08-06T07:17:13+08:00
新北市,New Taipei City,YouBike2.0_鳳三龍七路口,鶯歌區,鳳三路68號,YouBike2.0_Feng 3rd Rd. & Long 7th Rd. Intersection,Yingge Dist,"No. 68, Feng 3rd Rd.",500234058,18,6,20260806T071202,24.97204,121.33467,12,1,5,1,2026-08-06T07:17:13+08:00
新北市,New Taipei City,YouBike2.0_捷運國華站,鶯歌區,國華路45號(對側),YouBike2.0_MRT Guohua Sta.,Yingge Dist,"No. 45, GuoHua Rd. (Opposite)",500234059,24,9,20260806T064004,24.95535,121.34251,15,1,9,0,2026-08-06T07:17:13+08:00
新北市,New Taipei City,YouBike2.0_捷運陶瓷老街站,鶯歌區,捷運陶瓷老街站(重慶街側),YouBike2.0_MRT Ceramics Old Street Sta.,Yingge Dist,MRT Ceramics Old Street Sta. (ChongQing St.),500234060,36,10,20260806T053802,24.95212,121.35065,25,1,10,0,2026-08-06T07:17:13+08:00
新北市,New Taipei City,YouBike2.0_捷運永吉公園站,鶯歌區,鶯桃路296巷口,YouBike2.0_MRT Yongji Park Sta.,Yingge Dist,"Ln. 296, YingTao Rd. Intersection",500234061,47,4,20260806T065404,24.96048,121.33476,42,1,2,2,2026-08-06T07:17:13+08:00
新北市,New Taipei City,YouBike2.0_捷運鶯桃福德站,鶯歌區,福德一路20號(對側),YouBike2.0_MRT Yingtao Fude Sta.,Yingge Dist,"No. 20, FuDe 1st Rd. (Opposite)",500234062,75,9,20260806T070802,24.96704,121.33044,66,1,9,0,2026-08-06T07:17:13+08:00
新北市,New Taipei City,YouBike2.0_捷運國華站(2號出口),鶯歌區,國華路97號(對側),YouBike2.0_MRT Guohua Sta.(Exit 2),Yingge Dist,"No. 97, GuoHua Rd. (Opposite)",500234063,60,1,20260806T054504,24.95374,121.34301,59,1,1,0,2026-08-06T07:17:13+08:00
新北市,New Taipei City,YouBike2.0_鶯歌山水步道停車場,鶯歌區,觀景涼亭停車場,YouBike2.0_YingGe Riverside Trail Car Park,Yingge Dist,YingGe Riverside Trail Car Park,500234064,24,10,20260806T065404,24.93205,121.32825,13,1,9,1,2026-08-06T07:17:13+08:00
新北市,New Taipei City,YouBike2.0_鶯歌火車站(仁愛路),鶯歌區,仁愛路55號對側,YouBike2.0_Yingge Railway Station(Ren’ai Rd.),Yingge Dist,"No.55, Ren’ai Rd., Yingge Dist.(opposite)",500234001,69,47,20260806T084003,24.95559,121.35441,22,1,43,4,2026-08-06T08:49:12+08:00
新北市,New Taipei City,YouBike2.0_新北市立圖書館鶯歌分館,鶯歌區,中山路150號,YouBike2.0_New Taipei City Library Yingge Branch,Yingge Dist,"No.150, Zhongshan Rd.",500234002,20,1,20260806T080203,24.9572,121.34946,19,1,1,0,2026-08-06T08:49:12+08:00
新北市,New Taipei City,YouBike2.0_文化館前路口,鶯歌區,文化路407號旁,YouBike2.0_Yingge Ceramics Museum,Yingge Dist,"No. 407, Wenhua Rd.",500234003,44,15,20260806T081803,24.94948,121.35291,29,1,15,0,2026-08-06T08:49:12+08:00
新北市,New Taipei City,YouBike2.0_鶯歌國民運動中心,鶯歌區,館前路250號運動中心前,YouBike2.0_Yingge Civil Sports Center,Yingge Dist,"No.250, Guanqian Rd., Yingge Dist.",500234004,38,13,20260806T084403,24.95139,121.35733,25,1,12,1,2026-08-06T08:49:12+08:00
新北市,New Taipei City,YouBike2.0_尖山國中,鶯歌區,國中街1號,YouBike2.0_Municipal Jianshan Junior High School,Yingge Dist,"No.1, Guozhong St., Yingge Dist(sidewalk)",500234005,20,3,20260806T083803,24.94381,121.34207,17,1,3,0,2026-08-06T08:49:12+08:00
新北市,New Taipei City,YouBike2.0_新北市立鶯歌高級工商職業學校,鶯歌區,中正三路154號,YouBike2.0_New Taipei Municipal Yingge Vocational High School,Yingge Dist,"No. 154, Zhongzheng 3rd. Rd",500234006,56,5,20260806T081903,24.93923,121.33488,51,1,3,2,2026-08-06T08:49:12+08:00
新北市,New Taipei City,YouBike2.0_鶯歌國中,鶯歌區,鶯桃路39-5號對側,YouBike2.0_Yingge Junior High chool,Yingge Dist,"No.39-5, Yingtao Rd.(opposite)",500234007,30,8,20260806T083005,24.95119,121.34256,22,1,8,0,2026-08-06T08:49:12+08:00
新北市,New Taipei City,YouBike2.0_永吉國小,鶯歌區,德昌二街39號對側,YouBike2.0_Yongchi elementary school,Yingge Dist,"No.39, Dechang 2nd St., Yingge Dist.",500234008,20,4,20260806T082704,24.95865,121.33308,16,1,4,0,2026-08-06T08:49:12+08:00
新北市,New Taipei City,YouBike2.0_鳳祥公園,鶯歌區,鶯桃路365巷130號對側,YouBike2.0_Fengxiang Park,Yingge Dist,"No.130, Ln. 365, Yingtao Rd., Yingge Dist.",500234009,20,8,20260806T082103,24.96283,121.33025,12,1,7,1,2026-08-06T08:49:12+08:00
新北市,New Taipei City,YouBike2.0_鳳鳴國小,鶯歌區,永和街120號,YouBike2.0_Fengming Elementary School,Yingge Dist,"No.120, Yonghe St., Yingge Dist.",500234010,20,3,20260806T084304,24.9692,121.3347,17,1,3,0,2026-08-06T08:49:12+08:00
新北市,New Taipei City,YouBike2.0_國際二國際一路口,鶯歌區,國際二路與國際一路口,YouBike2.0_Guoji 2nd Guoji 1st Intersection,Yingge Dist,"Guoji 2nd Rd./Guoji 1st Rd., Yingge Dist.",500234011,20,5,20260806T071503,24.97577,121.3353,15,1,4,1,2026-08-06T08:49:12+08:00
新北市,New Taipei City,YouBike2.0_鳳福公園,鶯歌區,鳳吉一街186號(對面),YouBike2.0_Fengfu Park,Yingge Dist,"No. 186, Fengji 1st St., Yingge Dist.(opposite)",500234012,20,8,20260806T082403,24.97572,121.32938,12,1,7,1,2026-08-06T08:49:12+08:00
新北市,New Taipei City,YouBike2.0_尖山公園,鶯歌區,鶯歌區尖山路161號對面,YouBike2.0_Jianshan Park,Yingge Dist,"No.161, Jianshan Rd.(opposite)",500234013,29,22,20260806T082403,24.9482,121.346,7,1,19,3,2026-08-06T08:49:12+08:00
新北市,New Taipei City,YouBike2.0_永昌里兒一公園,鶯歌區,鶯桃路182巷96弄36-38號對側,YouBike2.0_Yongchang Village Children Park (No.1),Yingge Dist,"No.36-38, Aly. 96, Ln. 182, Yingtao Rd.(oppsite)",500234014,20,4,20260806T071703,24.956649374562204,121.33959628800724,16,0,4,0,2026-08-06T08:49:12+08:00
新北市,New Taipei City,YouBike2.0_南雅育智路口,鶯歌區,南雅路491號(對面),YouBike2.0_Nanya & Yuzhi Rd. Intersection,Yingge Dist,"No.491, Nanya Rd., Yingge Dist.(opposite)",500234015,22,8,20260806T083603,24.954,121.346,14,1,8,0,2026-08-06T08:49:12+08:00
新北市,New Taipei City,YouBike2.0_國中二甲路口,鶯歌區,國中街175號(前),YouBike2.0_Guozhong & Erjia Intersection,Yingge Dist,"No. 175, Guozhong St., Yingge Dist.",500234016,20,10,20260806T084003,24.939489067109363,121.33868650698288,10,1,10,0,2026-08-06T08:49:12+08:00
新北市,New Taipei City,YouBike2.0_鶯歌永利街,鶯歌區,永利街16號(對面),YouBike2.0_Yingge Yongli St.,Yingge Dist,"No. 16, Yongli St. Yingge Dist.",500234017,15,6,20260806T082204,24.95495,121.33911,8,1,5,1,2026-08-06T08:49:12+08:00
新北市,New Taipei City,YouBike2.0_二橋虹橋公園,鶯歌區,中正三路400號(對面),YouBike2.0_Erqiaoshiguanghongqiao Park,Yingge Dist,"No. 400, Zhongzheng 3rd Rd.(Opposite)",500234018,10,6,20260806T083402,24.93453,121.32595,4,1,5,1,2026-08-06T08:49:12+08:00
新北市,New Taipei City,YouBike2.0_鳳吉四鳳七路口(捷士匯社區),鶯歌區,鳳吉四街57-75號(旁),YouBike2.0_Fengji 4th & Feng 7th Rd. Intersection,Yingge Dist,"No. 57-75, Fengji 4th St.",500234021,40,5,20260806T084203,24.97383,121.32769,35,1,3,2,2026-08-06T08:49:12+08:00
新北市,New Taipei City,YouBike2.0_鶯歌老街第二停車場,鶯歌區,尖山埔路27-31號(對面),YouBike2.0_Yingge Old Street 2nd Parking Lot,Yingge Dist,"No. 27-31, Jianshanpu Rd.(Opposite)",500234022,20,11,20260806T082103,24.94895,121.34227,6,1,11,0,2026-08-06T08:49:12+08:00
新北市,New Taipei City,YouBike2.0_建國中正一路口(北鶯社區),鶯歌區,建國路6號(對面空地),YouBike2.0_Jianguo Zhongzheng 1st Rd. Intersection,Yingge Dist,"No. 6, Jianguo Rd.(Opposite)",500234023,20,2,20260806T074702,24.95658,121.35692,18,1,2,0,2026-08-06T08:49:12+08:00
新北市,New Taipei City,YouBike2.0_三鶯水資源回收中心,鶯歌區,館前路360號(旁),YouBike2.0_Sanying Water Recycling Center,Yingge Dist,"No. 360, Guanqian Rd.",500234024,14,2,20260806T064504,24.95535,121.35996,12,1,2,0,2026-08-06T08:49:12+08:00
新北市,New Taipei City,YouBike2.0_永和街65巷口,鶯歌區,永和街75號,"YouBike2.0_Ln. 65, Yonghe St. Intersection",Yingge Dist,"No. 75, Yonghe St.",500234025,37,8,20260806T084403,24.96798,121.3331413,29,1,7,1,2026-08-06T08:49:12+08:00
新北市,New Taipei City,YouBike2.0_鶯歌陶瓷博物館,鶯歌區,文化路200號(旁),YouBike2.0_Yingge Ceramics Museum(Wenhua Rd.),Yingge Dist,"No. 200, Wenhua Rd.",500234026,22,9,20260806T083103,24.95012,121.35245,11,1,6,3,2026-08-06T08:49:12+08:00
新北市,New Taipei City,YouBike2.0_礫間停車場,鶯歌區,礫間停車場,YouBike2.0_Lijian Parking,Yingge Dist,Lijian Parking,500234028,20,3,20260806T083005,24.9518,121.35445,17,1,2,1,2026-08-06T08:49:12+08:00
新北市,New Taipei City,YouBike2.0_北鶯停車場,鶯歌區,北鶯停車場,YouBike2.0_Beiying Parking,Yingge Dist,Beiying Parking,500234029,20,3,20260805T211204,24.95567,121.35992,17,1,3,0,2026-08-06T08:49:12+08:00
新北市,New Taipei City,YouBike2.0_育英建國路口,鶯歌區,建國路280號(旁),YouBike2.0_Yuying Jianguo Rd. Intersection,Yingge Dist,"No. 280, Jianguo Rd.",500234030,12,3,20260806T083902,24.95356,121.34693,9,1,3,0,2026-08-06T08:49:12+08:00
新北市,New Taipei City,YouBike2.0_中正一仁愛路口,鶯歌區,中正一路181號(對面),YouBike2.0_Zhongzheng 1st & Ren'ai Rd Intersection,Yingge Dist,"No. 181, Zhongzheng 1st Rd.(Opposite)",500234031,15,3,20260806T083603,24.95672,121.3532,12,1,2,1,2026-08-06T08:49:12+08:00
新北市,New Taipei City,YouBike2.0_建國國小,鶯歌區,育英街19號(旁),YouBike2.0_Jianguo Elementary School,Yingge Dist,"No. 19, Yuying St.",500234032,15,7,20260806T081003,24.95521,121.34727,8,1,7,0,2026-08-06T08:49:12+08:00
新北市,New Taipei City,YouBike2.0_光明橋,鶯歌區,永明街78號(旁),YouBike2.0_Guang-ming bridge,Yingge Dist,"No. 78, Yongming St., Yingge Dist.(side)",500234033,14,5,20260806T081220,24.95577,121.34128,9,1,5,0,2026-08-06T08:49:12+08:00
新北市,New Taipei City,YouBike2.0_二橋派出所,鶯歌區,高職西街/中正三路口(西北側),YouBike2.0_Erqiao Police Station,Yingge Dist,"Gaozhi W. St. & Zhongzheng 3rd Rd., Yingge Dist. (west side)",500234034,11,5,20260806T081504,24.94216,121.33884,6,1,4,1,2026-08-06T08:49:12+08:00
新北市,New Taipei City,YouBike2.0_國中高職東街口,鶯歌區,國中路113至117-3號(對面),YouBike2.0_Guozhong & Gaozhi E. Intersection,Yingge Dist,"No. 113, Guozhong St., Yingge Dist.(opposite)",500234035,15,2,20260806T074603,24.94117,121.34116,13,1,1,1,2026-08-06T08:49:12+08:00
新北市,New Taipei City,YouBike2.0_尖山路高厝巷口,鶯歌區,尖山路276-5號(旁),YouBike2.0_Gaocuo Ln. Jianshan Rd.,Yingge Dist,"No. 276-5, Jianshan Rd. (Side)",500234036,15,0,20260806T075317,24.94495,121.34102,15,1,0,0,2026-08-06T08:49:12+08:00
新北市,New Taipei City,YouBike2.0_公八停車場,鶯歌區,國華路53號(對面),YouBike2.0_Public 8th Parking Lot,Yingge Dist,"No.53, Guohua Rd. (opposite)",500234037,15,9,20260806T083402,24.95515,121.34285,6,1,8,1,2026-08-06T08:49:12+08:00
新北市,New Taipei City,YouBike2.0_龍三鳳鳴路口,鶯歌區,鳳鳴路541號,YouBike2.0_Long 3rd. Rd. & Fengming Rd. Intersection,Yingge Dist,"No. 541, Fengming Rd.",500234038,18,0,20260806T080918,24.97286,121.33137,18,1,0,0,2026-08-06T08:49:12+08:00
新北市,New Taipei City,YouBike2.0_鳳福鳳三路口,鶯歌區,鳳三路360號,YouBike2.0_Fengfu Rd. & Feng 3rd. Rd. Intersection,Yingge Dist,"No. 360, Feng 3rd Rd.",500234039,22,3,20260806T083205,24.97567,121.33143,19,1,3,0,2026-08-06T08:49:12+08:00
新北市,New Taipei City,YouBike2.0_北鶯公園,鶯歌區,成功街20巷19號(旁),YouBike2.0_Beiying Park,Yingge Dist,"No. 19, Ln. 20, Chenggong St. (Side)",500234040,15,2,20260806T082504,24.95777,121.35942,13,1,2,0,2026-08-06T08:49:12+08:00
新北市,New Taipei City,YouBike2.0_鶯歌火車站(文化路),鶯歌區,文化路/文化路115巷(北側),YouBike2.0_Yingge Station (Wenhua Rd.),Yingge Dist,"Ln. 115, Wenhua Rd. Intersection (North)",500234041,25,10,20260806T074603,24.95536,121.35697,15,1,10,0,2026-08-06T08:49:12+08:00
新北市,New Taipei City,YouBike2.0_鳳七鶯歌路口,鶯歌區,鶯歌路101-107號(旁),YouBike2.0_Feng 7th Rd. & Yingge Rd. Intersection,Yingge Dist,"No. 101-107, Yingge Rd. (Side)",500234042,11,1,20260806T084003,24.96916,121.33193,10,1,1,0,2026-08-06T08:49:12+08:00
新北市,New Taipei City,YouBike2.0_國際一路112巷口,鶯歌區,國際一路167號(前),"YouBike2.0_Ln. 112, GuoJi 1st Rd.",Yingge Dist,"No. 167, GuoJi 1st Rd. (Front)",500234043,15,2,20260806T074903,24.97667,121.33579,13,1,1,1,2026-08-06T08:49:12+08:00
新北市,New Taipei City,YouBike2.0_臺鐵鳳鳴站,鶯歌區,鳳一路/鶯歌路口,YouBike2.0_Fengming Station,Yingge Dist,Feng 1st Rd. & YingGe Rd.,500234044,40,0,20260710T070303,24.97227,121.33674,0,0,0,0,2026-08-06T08:49:12+08:00
新北市,New Taipei City,YouBike2.0_鶯歌陶瓷老街,鶯歌區,重慶街/國慶街(西南側),YouBike2.0_YingGe Old Street,Yingge Dist,ChongQing St. & GuoQing St. (Southwest),500234045,33,17,20260806T082204,24.95219,121.351,16,1,17,0,2026-08-06T08:49:12+08:00
新北市,New Taipei City,YouBike2.0_鶯歌火車站(仁愛路62號),鶯歌區,仁愛路62號(東側),"YouBike2.0_YingGe Station (No. 62, RenAi Rd.)",Yingge Dist,"No. 62, RenAi Rd. (East)",500234046,42,13,20260806T084003,24.95505,121.35407,22,1,10,3,2026-08-06T08:49:12+08:00
新北市,New Taipei City,YouBike2.0_臺鐵鳳鳴站(鶯歌路),鶯歌區,鶯歌路276號(對面),YouBike2.0_Fengming Station (YingGe Rd.),Yingge Dist,"No. 276, YingGe Rd. (Opposite)",500234047,20,8,20260806T084403,24.97189,121.33651,10,1,5,3,2026-08-06T08:49:12+08:00
新北市,New Taipei City,YouBike2.0_光明育智路口,鶯歌區,光明街126號(東南側),YouBike2.0_GuangMing St. & YuZhi Rd. Intersection,Yingge Dist,"No. 126, GuangMing St. (Southeast)",500234048,14,2,20260806T083103,24.95587,121.3456,11,1,2,0,2026-08-06T08:49:12+08:00
新北市,New Taipei City,YouBike2.0_新鳳公園,鶯歌區,鶯桃路二段60號(對側),YouBike2.0_XinFeng Park,Yingge Dist,"No. 60, Sec. 2, YingTao Rd. (Opposite)",500234049,14,3,20260806T084403,24.9732,121.32474,11,1,3,0,2026-08-06T08:49:12+08:00
新北市,New Taipei City,YouBike2.0_鳳鳴機器人公園,鶯歌區,鳳鳴路/福安街7巷24弄口,YouBike2.0_FengMing Robot Park,Yingge Dist,"FengMing Rd. & Aly. 24, Ln. 7, FuAn St.",500234050,17,0,20260806T084320,24.96618,121.33465,17,1,0,0,2026-08-06T08:49:12+08:00
新北市,New Taipei City,YouBike2.0_龍五鳳七路口,鶯歌區,龍五路/鳳七路口,YouBike2.0_Long 5th Rd. & Feng 7th Rd. Intersection,Yingge Dist,Long 5th Rd. & Feng 7th Rd. Intersection,500234051,30,1,20260806T080519,24.97043,121.33101,29,1,0,1,2026-08-06T08:49:12+08:00
新北市,New Taipei City,YouBike2.0_龍鳳夜市,鶯歌區,鳳三路/龍三路(東南側),YouBike2.0_LongFeng Night Market,Yingge Dist,Feng 3rd Rd. & Long 3rd Rd. (Southeast),500234052,30,1,20260806T083618,24.97329,121.33331,29,1,1,0,2026-08-06T08:49:12+08:00
新北市,New Taipei City,YouBike2.0_中湖市民活動中心,鶯歌區,中湖街21號,YouBike2.0_Zhonghu Civic Activity Center,Yingge Dist,"No. 21, ZhongHu St.",500234053,20,9,20260806T084403,24.97298,121.3472,11,1,8,1,2026-08-06T08:49:12+08:00
新北市,New Taipei City,YouBike2.0_鳳一鳳吉一街口,鶯歌區,鳳吉一街259號(旁),YouBike2.0_Feng 1st Rd. & FengJi 1st St. Intersection,Yingge Dist,"No. 259, FengJi 1st St. (Side)",500234054,20,7,20260806T082403,24.97677,121.3317,13,1,6,1,2026-08-06T08:49:12+08:00
新北市,New Taipei City,YouBike2.0_鳳五路122號前,鶯歌區,鳳五路122號前,"YouBike2.0_No. 122, Feng 5th Rd.",Yingge Dist,"No. 122, Feng 5th Rd. (Front)",500234055,18,0,20260806T080316,24.97316,121.32991,18,1,0,0,2026-08-06T08:49:12+08:00
新北市,New Taipei City,YouBike2.0_建國永昌街口,鶯歌區,建國路546號(對面),YouBike2.0_JianGuo Rd. & YongChang St. Intersection,Yingge Dist,"No. 546, JianGuo Rd. (Opposite)",500234056,17,4,20260806T082802,24.95031,121.33831,13,1,2,2,2026-08-06T08:49:12+08:00
新北市,New Taipei City,YouBike2.0_捷運鶯歌車站,鶯歌區,館前路300號(對側),YouBike2.0_MRT Yingge Sta.,Yingge Dist,"No. 300, GuanQian Rd. (Opposite)",500234057,34,16,20260806T082204,24.95322,121.35668,17,1,15,1,2026-08-06T08:49:12+08:00
新北市,New Taipei City,YouBike2.0_鳳三龍七路口,鶯歌區,鳳三路68號,YouBike2.0_Feng 3rd Rd. & Long 7th Rd. Intersection,Yingge Dist,"No. 68, Feng 3rd Rd.",500234058,18,7,20260806T084103,24.97204,121.33467,11,1,5,2,2026-08-06T08:49:12+08:00
新北市,New Taipei City,YouBike2.0_捷運國華站,鶯歌區,國華路45號(對側),YouBike2.0_MRT Guohua Sta.,Yingge Dist,"No. 45, GuoHua Rd. (Opposite)",500234059,24,6,20260806T082005,24.95535,121.34251,18,1,6,0,2026-08-06T08:49:12+08:00
新北市,New Taipei City,YouBike2.0_捷運陶瓷老街站,鶯歌區,捷運陶瓷老街站(重慶街側),YouBike2.0_MRT Ceramics Old Street Sta.,Yingge Dist,MRT Ceramics Old Street Sta. (ChongQing St.),500234060,36,7,20260806T073403,24.95212,121.35065,28,1,7,0,2026-08-06T08:49:12+08:00
新北市,New Taipei City,YouBike2.0_捷運永吉公園站,鶯歌區,鶯桃路296巷口,YouBike2.0_MRT Yongji Park Sta.,Yingge Dist,"Ln. 296, YingTao Rd. Intersection",500234061,47,7,20260806T081803,24.96048,121.33476,39,1,5,2,2026-08-06T08:49:12+08:00
新北市,New Taipei City,YouBike2.0_捷運鶯桃福德站,鶯歌區,福德一路20號(對側),YouBike2.0_MRT Yingtao Fude Sta.,Yingge Dist,"No. 20, FuDe 1st Rd. (Opposite)",500234062,75,10,20260806T082302,24.96704,121.33044,65,1,10,0,2026-08-06T08:49:12+08:00
新北市,New Taipei City,YouBike2.0_捷運國華站(2號出口),鶯歌區,國華路97號(對側),YouBike2.0_MRT Guohua Sta.(Exit 2),Yingge Dist,"No. 97, GuoHua Rd. (Opposite)",500234063,60,1,20260806T082302,24.95374,121.34301,59,1,1,0,2026-08-06T08:49:12+08:00
新北市,New Taipei City,YouBike2.0_鶯歌山水步道停車場,鶯歌區,觀景涼亭停車場,YouBike2.0_YingGe Riverside Trail Car Park,Yingge Dist,YingGe Riverside Trail Car Park,500234064,24,10,20260806T065404,24.93205,121.32825,13,1,9,1,2026-08-06T08:49:12+08:00
